employee_id,age,gender,education,department,years_at_company,monthly_salary,training_hours,projects_completed,overtime_hours,satisfaction_score,manager_rating,attendance_rate,last_promotion_years,performance_score,performance_label
EMP1000,50,Male,Bachelor,HR,15,65699,62,8,21,1.5,3.0,70.2,1,43.28,Low
EMP1001,36,Male,Bachelor,Operations,6,76335,60,6,49,4.5,3.8,70.5,0,60.55,Medium
EMP1002,29,Female,Master,HR,9,76806,30,11,37,3.5,2.0,82.2,1,36.66,Low
EMP1003,42,Male,Bachelor,Sales,12,107853,94,19,22,1.7,2.3,76.5,8,55.07,Medium
EMP1004,40,Male,Master,Sales,19,93768,16,4,25,2.7,2.3,97.9,4,31.92,Low
EMP1005,44,Female,Master,Operations,3,65739,23,18,10,2.1,1.1,65.1,7,25.69,Low
EMP1006,32,Male,Master,Finance,15,64785,22,1,27,3.9,2.4,98.9,2,36.02,Low
EMP1007,32,Female,Bachelor,Engineering,2,61980,81,13,1,2.8,4.2,69.2,6,72.74,Medium
EMP1008,45,Female,PhD,Marketing,2,119335,49,14,7,5.0,4.6,90.9,1,93.94,High
EMP1009,57,Female,Master,Marketing,3,115016,77,1,28,1.2,3.1,73.6,7,38.6,Low
EMP1010,45,Male,Master,Operations,6,31609,78,11,10,2.4,2.8,65.7,6,47.77,Low
EMP1011,24,Male,Bachelor,Sales,15,96253,78,17,36,2.9,1.1,94.3,4,43.55,Low
EMP1012,43,Male,Diploma,Marketing,10,115481,69,4,17,3.0,4.5,72.4,3,67.6,Medium
EMP1013,23,Female,Bachelor,Sales,9,58141,26,12,49,2.3,1.1,86.4,0,22.77,Low
EMP1014,45,Male,Bachelor,Finance,1,60009,14,10,13,3.9,4.8,82.7,4,69.54,Medium
EMP1015,51,Female,Bachelor,Engineering,16,36782,49,6,9,4.5,3.0,78.9,8,51.19,Medium
EMP1016,23,Male,Master,Finance,6,55933,35,1,34,4.8,2.4,79.8,9,27.79,Low
EMP1017,42,Female,Bachelor,Operations,9,107154,7,7,8,4.2,4.7,89.3,3,68.83,Medium
EMP1018,54,Male,Bachelor,HR,4,38307,78,16,34,4.4,1.1,63.5,8,39.52,Low
EMP1019,33,Male,Bachelor,HR,2,105874,2,14,10,3.2,3.3,86.7,1,64.21,Medium
EMP1020,43,Male,Bachelor,HR,4,68346,61,6,43,4.3,3.2,95.8,3,53.5,Medium
EMP1021,46,Female,Master,Finance,1,80772,46,5,11,2.2,1.9,62.3,8,20.29,Low
EMP1022,48,Female,Master,Marketing,19,102084,76,18,2,2.6,2.7,65.6,3,61.17,Medium
EMP1023,49,Male,Bachelor,Engineering,10,70149,97,15,38,2.3,3.6,88.7,4,70.73,Medium
EMP1024,37,Male,Bachelor,HR,15,116700,87,6,13,2.9,3.9,77.5,7,62.23,Medium
EMP1025,36,Female,Master,Operations,19,57526,95,19,27,2.1,1.0,76.1,0,42.88,Low
EMP1026,24,Female,Bachelor,Operations,16,115712,60,1,10,4.8,4.7,65.5,0,66.45,Medium
EMP1027,28,Female,Bachelor,HR,4,98477,31,1,38,2.3,1.7,80.3,8,16.42,Low
EMP1028,42,Male,Diploma,HR,2,35695,93,13,24,1.4,1.9,65.1,8,38.28,Low
EMP1029,30,Female,Master,Engineering,13,69169,12,3,20,3.1,2.1,79.1,3,22.85,Low
EMP1030,39,Male,Bachelor,HR,1,77947,0,10,9,1.2,1.2,90.5,1,20.19,Low
EMP1031,25,Female,Master,Engineering,17,77224,33,3,42,1.4,1.5,70.3,8,11.81,Low
EMP1032,46,Male,Bachelor,Operations,13,75865,61,9,14,1.9,4.9,79.2,3,70.87,Medium
EMP1033,35,Female,Master,HR,4,55553,78,8,18,2.9,2.3,99.7,5,47.8,Low
EMP1034,30,Female,Bachelor,Finance,7,90410,77,3,47,2.7,1.5,87.5,0,24.28,Low
EMP1035,47,Female,Bachelor,Finance,17,54816,92,13,21,4.2,1.4,93.7,8,44.11,Low
EMP1036,23,Female,Bachelor,Operations,9,85026,97,6,20,4.0,3.9,76.6,4,70.14,Medium
EMP1037,41,Female,Diploma,Engineering,4,80705,81,13,43,2.7,4.4,90.7,2,74.35,Medium
EMP1038,49,Male,Master,Finance,19,91922,70,12,31,2.3,2.0,61.6,3,37.43,Low
EMP1039,28,Female,Bachelor,Engineering,1,103914,92,13,49,2.3,1.1,64.9,0,35.81,Low
EMP1040,29,Female,Bachelor,Finance,10,31881,30,2,22,4.1,1.9,68.1,8,21.74,Low
EMP1041,56,Female,Master,Finance,4,69567,63,16,12,1.2,1.2,76.1,7,25.88,Low
EMP1042,35,Male,Bachelor,Engineering,9,77365,24,6,4,1.1,1.4,93.8,3,21.06,Low
EMP1043,38,Female,Bachelor,Marketing,13,109211,37,19,3,4.2,2.7,73.9,1,64.96,Medium
EMP1044,57,Male,Diploma,Finance,14,100122,13,13,27,2.9,1.9,86.2,8,29.89,Low
EMP1045,25,Female,Bachelor,HR,10,55006,7,17,13,1.5,3.1,88.4,3,54.55,Medium
EMP1046,23,Female,Master,Operations,6,71198,90,9,7,1.9,2.0,83.4,8,37.32,Low
EMP1047,27,Male,Diploma,Marketing,16,52831,53,17,8,4.7,4.8,74.3,9,84.97,High
EMP1048,25,Female,Bachelor,Engineering,6,46459,1,2,34,4.4,4.6,83.1,2,52.74,Medium
EMP1049,50,Male,Bachelor,Marketing,17,62443,80,19,36,3.8,3.3,73.7,6,63.67,Medium
EMP1050,39,Male,Bachelor,Sales,10,72316,77,19,20,2.9,2.4,63.4,6,56.48,Medium
EMP1051,47,Female,PhD,Sales,18,94486,88,7,17,3.1,2.5,99.7,9,47.32,Low
EMP1052,55,Male,PhD,Finance,18,35877,55,10,32,4.9,2.6,65.1,3,47.51,Low
EMP1053,31,Female,Master,Finance,3,69553,93,10,7,4.9,3.9,62.9,1,73.85,Medium
EMP1054,57,Female,Bachelor,HR,15,34922,92,9,48,1.9,2.8,95.1,8,49.31,Low
EMP1055,35,Male,Master,Operations,15,34686,83,17,16,4.2,4.4,72.1,3,82.21,High
EMP1056,52,Male,Diploma,Marketing,4,62766,84,15,42,1.8,4.8,86.0,7,80.81,High
EMP1057,36,Male,Master,Sales,9,109943,60,2,30,1.9,2.3,73.2,1,31.67,Low
EMP1058,29,Male,Diploma,Finance,19,62006,21,4,33,3.7,3.2,75.7,7,32.24,Low
EMP1059,35,Female,PhD,Operations,17,61422,34,19,5,2.6,1.4,70.5,9,33.1,Low
EMP1060,44,Female,Master,Marketing,11,42205,15,17,21,4.7,1.8,73.7,4,49.95,Low
EMP1061,42,Male,Master,Finance,9,116590,49,5,13,1.4,2.7,76.4,6,37.19,Low
EMP1062,37,Female,Bachelor,Finance,10,53527,42,7,2,3.0,1.8,88.8,6,29.45,Low
EMP1063,39,Female,Bachelor,Sales,18,48443,16,18,11,4.7,4.5,80.5,8,78.14,High
EMP1064,45,Female,Master,Sales,13,46524,79,7,35,4.6,1.6,97.7,2,38.43,Low
EMP1065,47,Female,Bachelor,Finance,8,58202,57,17,11,1.6,2.8,61.7,9,42.3,Low
EMP1066,46,Male,PhD,Engineering,7,95552,1,7,44,2.5,3.4,80.1,3,38.6,Low
EMP1067,50,Male,Diploma,Finance,17,76142,3,4,1,3.5,3.8,83.4,9,45.72,Low
EMP1068,36,Female,Master,Operations,15,91692,84,8,1,1.6,2.5,96.8,3,52.74,Medium
EMP1069,22,Male,Bachelor,Finance,15,112384,38,13,14,4.9,4.5,62.0,9,72.14,Medium
EMP1070,46,Male,Bachelor,HR,1,50855,97,4,22,4.7,3.3,82.9,4,62.81,Medium
EMP1071,28,Male,Bachelor,HR,14,113747,93,6,28,1.7,2.8,94.1,5,42.55,Low
EMP1072,30,Female,Master,HR,5,90372,5,5,16,1.5,1.3,69.7,2,9.7,Low
EMP1073,45,Female,Master,Engineering,11,55095,80,12,31,1.3,2.9,95.1,3,57.52,Medium
EMP1074,22,Female,Diploma,Engineering,16,68724,88,4,6,4.6,4.3,60.8,2,72.98,Medium
EMP1075,29,Male,Bachelor,Finance,2,79241,68,9,29,1.8,3.5,89.3,1,59.18,Medium
EMP1076,45,Female,Diploma,HR,8,82003,68,4,27,2.7,4.3,97.3,9,60.47,Medium
EMP1077,32,Female,PhD,Engineering,11,98379,19,19,13,2.8,3.0,86.3,8,54.61,Medium
EMP1078,38,Male,Bachelor,Sales,18,45972,63,14,43,3.4,1.5,77.6,0,34.54,Low
EMP1079,29,Female,PhD,Finance,3,52927,15,5,29,1.3,1.1,61.8,1,10.08,Low
EMP1080,56,Female,Bachelor,Operations,1,96630,50,18,16,1.9,2.2,96.8,7,47.49,Low
EMP1081,56,Male,Bachelor,Marketing,11,82347,36,10,31,4.7,3.8,78.8,6,62.01,Medium
EMP1082,54,Male,Master,Finance,16,118860,72,19,45,4.6,4.2,61.2,0,75.99,High
EMP1083,26,Male,Bachelor,Marketing,18,116210,68,12,5,4.1,2.2,87.6,4,58.35,Medium
EMP1084,49,Female,Master,HR,16,99518,41,18,23,1.1,3.0,79.3,9,43.97,Low
EMP1085,28,Female,Master,Marketing,10,75283,56,17,5,2.3,2.7,65.0,5,60.57,Medium
EMP1086,30,Female,Master,HR,18,111326,65,11,26,3.5,2.6,68.6,4,54.87,Medium
EMP1087,29,Male,Bachelor,Sales,6,42205,8,3,17,2.1,1.9,62.6,3,10.8,Low
EMP1088,33,Male,Master,Marketing,19,119874,99,17,23,4.6,1.5,83.0,0,61.25,Medium
EMP1089,55,Female,Master,Finance,4,42748,85,1,36,3.5,1.8,84.9,6,25.97,Low
EMP1090,54,Female,Master,HR,13,51097,63,15,23,1.3,1.2,80.2,8,25.01,Low
EMP1091,44,Male,Bachelor,Finance,14,33092,85,9,37,4.6,1.8,92.7,5,43.1,Low
EMP1092,45,Male,Bachelor,Engineering,3,83311,21,15,33,4.8,1.0,94.4,2,36.12,Low
EMP1093,56,Male,Master,HR,10,52692,33,3,39,1.3,3.5,84.6,9,34.12,Low
EMP1094,43,Male,Bachelor,Marketing,6,53862,54,19,46,3.1,2.3,60.5,3,44.25,Low
EMP1095,48,Female,Master,HR,1,109507,28,13,14,2.2,4.9,87.8,9,70.44,Medium
EMP1096,56,Male,Master,Finance,14,110152,37,12,10,2.6,1.8,76.7,4,34.11,Low
EMP1097,22,Female,Master,Sales,8,100469,96,1,21,1.7,2.4,82.6,0,34.55,Low
EMP1098,56,Female,Master,HR,19,34926,17,17,23,3.3,2.4,86.0,4,45.82,Low
EMP1099,35,Female,Diploma,Marketing,14,33969,70,13,0,4.8,1.0,74.0,0,48.89,Low
EMP1100,24,Male,PhD,Engineering,10,65733,64,1,17,3.0,4.4,96.7,8,57.92,Medium
EMP1101,22,Male,Diploma,Operations,17,99855,96,10,43,1.3,1.1,65.4,6,16.48,Low
EMP1102,26,Male,PhD,Sales,9,71743,0,15,11,3.5,4.8,86.9,2,78.52,High
EMP1103,47,Male,Bachelor,Engineering,6,69876,87,7,42,2.4,4.6,60.2,8,58.75,Medium
EMP1104,35,Female,Bachelor,HR,11,50323,3,18,27,4.4,3.1,97.0,1,63.2,Medium
EMP1105,48,Male,Master,Finance,7,46428,3,16,39,2.7,3.2,64.5,6,42.95,Low
EMP1106,30,Male,Bachelor,Finance,17,64578,81,14,6,1.8,3.6,63.8,8,65.65,Medium
EMP1107,36,Female,Bachelor,Marketing,1,116486,26,18,22,1.8,2.5,73.3,5,42.92,Low
EMP1108,36,Male,Bachelor,Finance,5,94140,42,7,20,4.1,3.6,74.9,9,46.9,Low
EMP1109,47,Female,Master,Sales,9,113829,58,17,33,2.1,1.2,68.6,4,29.98,Low
EMP1110,34,Female,Master,Finance,18,36364,31,18,10,4.1,1.2,83.4,6,33.85,Low
EMP1111,53,Female,Master,Marketing,2,65349,32,12,21,1.8,2.8,77.7,5,41.1,Low
EMP1112,53,Female,Master,Operations,11,30691,27,8,41,2.3,3.2,61.4,4,43.32,Low
EMP1113,25,Female,PhD,HR,6,96467,54,2,34,2.9,4.6,72.8,1,64.66,Medium
EMP1114,51,Female,Bachelor,HR,8,75896,99,7,28,4.8,1.4,92.4,7,46.38,Low
EMP1115,44,Female,PhD,Finance,4,87062,59,4,41,4.7,4.3,87.6,6,64.78,Medium
EMP1116,36,Female,Bachelor,Engineering,18,109762,69,18,27,1.8,1.8,89.0,5,45.56,Low
EMP1117,50,Male,Diploma,HR,11,43861,61,6,17,2.4,2.6,87.9,4,39.28,Low
EMP1118,57,Male,Master,Operations,5,118302,79,9,13,1.6,2.3,72.4,4,41.74,Low
EMP1119,34,Male,Bachelor,Finance,15,93928,33,9,17,3.0,2.6,64.0,8,34.09,Low
EMP1120,53,Male,Bachelor,Marketing,18,113231,86,14,27,2.8,1.6,70.9,0,47.67,Low
EMP1121,28,Female,Bachelor,Operations,2,71347,87,8,23,4.6,3.0,93.3,8,54.81,Medium
EMP1122,43,Male,Bachelor,Finance,11,33121,55,19,7,4.7,4.2,99.2,5,87.79,High
EMP1123,49,Female,Bachelor,Operations,13,113793,12,3,41,2.5,2.8,79.8,3,23.63,Low
EMP1124,23,Male,Master,HR,4,58164,55,18,44,3.0,3.0,60.4,9,51.11,Medium
EMP1125,27,Male,Master,Marketing,7,55491,17,5,7,4.6,4.4,65.6,6,59.79,Medium
EMP1126,49,Male,Master,Finance,11,89222,53,14,3,4.2,3.8,72.9,8,61.87,Medium
EMP1127,49,Female,Diploma,Sales,4,53165,76,4,26,1.0,3.0,83.1,4,37.11,Low
EMP1128,41,Male,Master,Marketing,15,33748,42,7,35,2.3,2.0,63.0,4,21.13,Low
EMP1129,51,Female,Master,Sales,1,56553,38,12,4,2.7,4.5,97.7,7,70.68,Medium
EMP1130,32,Female,Bachelor,Operations,3,90380,60,2,32,1.9,3.3,74.6,6,33.74,Low
EMP1131,49,Male,Master,Engineering,14,74331,41,11,48,1.8,1.9,96.5,7,33.45,Low
EMP1132,46,Male,Bachelor,Marketing,6,69560,80,14,33,1.2,2.1,91.2,9,41.28,Low
EMP1133,54,Male,Diploma,Operations,18,83865,78,16,29,3.6,4.2,90.2,1,85.91,High
EMP1134,22,Female,PhD,Sales,1,76686,17,6,7,2.1,1.2,84.3,8,7.26,Low
EMP1135,48,Male,Master,HR,6,105910,22,4,38,1.2,5.0,85.1,2,61.83,Medium
EMP1136,34,Female,Bachelor,HR,6,34675,53,15,46,1.9,1.5,85.5,5,33.8,Low
EMP1137,24,Female,PhD,Engineering,16,96706,29,1,25,4.2,4.2,85.1,5,51.3,Medium
EMP1138,27,Male,Master,Marketing,5,107986,97,7,36,4.4,2.6,82.1,1,51.3,Medium
EMP1139,29,Male,Bachelor,Marketing,17,106216,57,12,33,2.9,3.0,99.5,6,53.92,Medium
EMP1140,48,Female,Bachelor,Marketing,10,40068,67,10,6,2.7,4.5,89.3,8,69.95,Medium
EMP1141,30,Female,Master,Operations,18,84460,66,5,39,4.9,2.7,91.1,9,43.02,Low
EMP1142,54,Female,Bachelor,Engineering,7,76418,70,12,27,1.8,3.1,94.9,0,57.76,Medium
EMP1143,45,Male,Diploma,Marketing,3,56206,17,18,38,1.9,1.2,68.6,7,23.13,Low
EMP1144,36,Female,Bachelor,Operations,13,30287,6,10,38,2.2,1.0,63.4,1,3.58,Low
EMP1145,53,Male,Bachelor,HR,15,52337,39,6,27,1.7,2.0,79.3,0,33.89,Low
EMP1146,53,Female,PhD,Sales,19,50666,69,12,13,2.5,3.7,80.6,7,65.16,Medium
EMP1147,45,Female,Bachelor,Operations,3,31161,85,7,49,4.6,1.5,93.2,1,41.77,Low
EMP1148,33,Male,Master,HR,4,68751,64,18,37,3.5,1.5,77.8,5,41.9,Low
EMP1149,23,Female,Bachelor,HR,5,112063,67,2,3,2.6,2.6,82.8,5,42.43,Low
EMP1150,24,Male,Bachelor,Sales,1,119389,48,10,41,4.7,3.6,81.1,4,60.45,Medium
EMP1151,38,Male,Master,HR,4,44758,51,15,17,1.2,3.8,61.5,7,54.55,Medium
EMP1152,23,Female,Master,Engineering,12,95780,28,12,43,1.8,1.7,84.6,2,32.09,Low
EMP1153,23,Male,Master,Sales,10,33178,20,17,47,3.3,1.3,93.1,9,34.06,Low
EMP1154,49,Male,Master,HR,13,61831,89,4,24,3.5,4.8,66.3,3,69.36,Medium
EMP1155,44,Female,Master,Finance,14,32176,77,7,6,1.2,2.0,83.8,6,35.42,Low
EMP1156,53,Male,Bachelor,Operations,5,63654,8,9,37,2.6,4.4,83.7,6,50.9,Medium
EMP1157,54,Male,Bachelor,HR,4,56627,46,19,27,3.6,4.5,66.6,7,77.22,High
EMP1158,22,Male,Diploma,Engineering,14,82550,75,7,4,3.8,4.1,64.9,1,67.37,Medium
EMP1159,40,Female,Master,Marketing,10,74910,41,2,2,3.6,1.7,99.2,1,36.72,Low
EMP1160,23,Male,Master,HR,17,88251,50,6,43,2.3,4.3,75.7,3,56.53,Medium
EMP1161,47,Female,Bachelor,Marketing,10,65422,55,18,30,1.4,4.1,69.1,9,62.44,Medium
EMP1162,53,Female,Bachelor,Finance,7,41984,50,6,46,2.7,3.4,66.9,8,45.12,Low
EMP1163,27,Male,Master,HR,16,119312,69,13,41,1.5,2.3,86.7,9,35.85,Low
EMP1164,53,Male,PhD,Sales,1,91386,19,19,19,4.8,2.1,84.4,8,49.61,Low
EMP1165,25,Male,Master,Marketing,17,113291,87,2,18,2.9,1.5,85.7,3,28.4,Low
EMP1166,32,Female,PhD,Finance,9,37135,26,12,47,2.3,3.0,63.5,8,39.7,Low
EMP1167,38,Male,Master,Sales,6,30320,37,15,10,4.1,3.3,95.7,2,73.35,Medium
EMP1168,45,Male,Bachelor,Sales,19,51684,71,14,39,3.0,2.4,75.6,4,47.86,Low
EMP1169,26,Male,Bachelor,Sales,13,85913,64,6,2,2.2,2.9,72.5,9,33.48,Low
EMP1170,55,Male,Bachelor,Sales,3,118774,53,18,22,4.2,2.5,78.5,8,52.12,Medium
EMP1171,27,Male,Bachelor,HR,7,51889,23,5,6,4.5,3.6,75.6,5,59.02,Medium
EMP1172,43,Female,PhD,Operations,9,78899,46,18,22,3.7,4.6,94.5,2,84.74,High
EMP1173,32,Female,Bachelor,HR,5,40770,70,3,6,1.2,1.7,97.2,9,29.21,Low
EMP1174,37,Male,Master,HR,10,69321,82,3,45,3.3,2.5,72.1,8,31.97,Low
EMP1175,54,Male,Bachelor,Finance,17,115962,85,10,33,4.1,1.6,94.6,5,41.08,Low
EMP1176,30,Male,Bachelor,Finance,12,71777,62,19,41,1.5,3.5,91.3,3,68.58,Medium
EMP1177,27,Male,Bachelor,Operations,16,76250,56,3,18,1.9,3.9,97.2,3,57.2,Medium
EMP1178,37,Female,Bachelor,Finance,3,103034,54,12,8,4.5,4.7,69.8,7,79.38,High
EMP1179,50,Male,Master,Engineering,9,70130,59,16,47,1.1,2.1,83.1,6,37.69,Low
EMP1180,24,Female,Bachelor,Operations,15,111931,98,17,17,4.0,4.8,71.0,0,100.0,High
EMP1181,41,Female,Master,Finance,5,79346,61,7,40,2.9,1.3,93.0,5,29.01,Low
EMP1182,57,Male,Bachelor,Operations,13,32537,29,13,47,2.8,3.4,60.2,7,48.33,Low
EMP1183,40,Female,Bachelor,HR,14,114762,92,2,44,1.0,1.2,82.6,2,16.68,Low
EMP1184,47,Female,Bachelor,HR,15,45216,21,4,41,4.3,4.6,73.6,8,57.32,Medium
EMP1185,24,Female,Master,Operations,16,114149,74,10,24,2.4,3.1,72.9,9,46.15,Low
EMP1186,40,Female,Master,Engineering,13,33009,83,7,13,3.2,3.7,85.8,1,66.73,Medium
EMP1187,41,Male,Bachelor,Engineering,17,119904,28,17,43,3.7,4.3,94.1,5,72.02,Medium
EMP1188,53,Male,Bachelor,Operations,8,59327,40,6,24,3.8,1.6,84.4,0,29.34,Low
EMP1189,28,Female,Master,Finance,2,44209,41,19,18,4.8,1.2,94.1,1,43.37,Low
EMP1190,54,Male,Bachelor,Marketing,5,78443,97,5,38,3.1,4.5,70.6,4,72.12,Medium
EMP1191,39,Male,Bachelor,Engineering,6,45029,64,10,14,2.6,2.3,80.8,0,45.5,Low
EMP1192,22,Male,PhD,Sales,12,97613,30,9,15,4.8,1.5,78.0,7,28.73,Low
EMP1193,32,Male,Master,HR,18,109443,29,13,26,3.6,2.9,60.5,0,47.94,Low
EMP1194,49,Male,Bachelor,Operations,1,86997,17,19,39,2.2,3.4,82.3,8,51.55,Medium
EMP1195,46,Female,Diploma,Sales,17,92559,16,6,9,1.5,1.1,86.5,9,6.55,Low
EMP1196,44,Male,Master,Operations,11,94892,37,4,3,4.4,2.1,83.7,2,42.27,Low
EMP1197,52,Male,Bachelor,HR,10,100409,13,3,18,2.4,1.1,89.5,1,11.78,Low
EMP1198,51,Male,Master,HR,19,38635,86,3,27,3.6,2.7,82.9,0,55.42,Medium
EMP1199,56,Male,Master,Engineering,14,63065,88,4,20,2.9,4.6,62.7,8,66.51,Medium
EMP1200,28,Female,Bachelor,Engineering,10,63783,78,5,46,1.8,4.9,64.7,3,62.93,Medium
EMP1201,37,Female,Bachelor,Sales,15,64152,55,8,13,3.4,3.5,83.9,0,62.88,Medium
EMP1202,47,Female,Bachelor,Operations,19,88741,21,16,32,1.2,1.6,71.0,0,31.41,Low
EMP1203,23,Female,Master,HR,4,81502,66,3,47,2.7,4.6,63.2,6,58.09,Medium
EMP1204,22,Male,Bachelor,Sales,2,59092,55,12,9,3.2,3.1,77.2,1,62.5,Medium
EMP1205,33,Female,PhD,Marketing,9,47653,18,8,18,2.7,1.6,82.2,6,22.63,Low
EMP1206,26,Male,Master,Sales,10,70469,56,13,29,4.0,4.7,73.1,6,72.66,Medium
EMP1207,53,Male,Bachelor,Finance,11,116483,43,4,21,4.3,4.0,88.8,9,57.12,Medium
EMP1208,30,Male,Master,Sales,14,89754,97,14,2,4.1,3.9,85.8,8,78.09,High
EMP1209,56,Male,Bachelor,Finance,7,59978,34,14,36,1.2,3.8,73.3,6,42.92,Low
EMP1210,40,Male,Master,Finance,15,117592,0,13,40,1.8,1.8,90.2,0,30.28,Low
EMP1211,37,Female,Master,Finance,19,73169,51,6,17,3.1,1.8,85.9,7,27.12,Low
EMP1212,24,Female,Bachelor,Marketing,15,78287,84,17,10,4.7,3.8,85.5,7,79.23,High
EMP1213,41,Female,Bachelor,Sales,8,84745,92,4,47,4.3,1.9,82.1,3,39.02,Low
EMP1214,45,Female,Bachelor,Sales,11,35543,69,8,1,4.4,2.8,60.5,7,44.4,Low
EMP1215,54,Male,Bachelor,Marketing,9,86392,36,17,11,2.2,4.1,87.9,3,72.03,Medium
EMP1216,45,Female,Bachelor,HR,15,51067,64,3,5,2.7,4.1,75.0,7,54.33,Medium
EMP1217,32,Male,Bachelor,Engineering,1,81033,50,17,42,2.9,2.8,97.7,4,54.27,Medium
EMP1218,29,Female,Diploma,Sales,1,75256,0,9,39,1.6,4.2,92.7,3,51.57,Medium
EMP1219,57,Male,Bachelor,Engineering,19,99345,90,2,43,1.1,4.4,83.5,5,51.1,Medium
EMP1220,41,Male,Bachelor,Operations,3,52191,20,13,28,4.8,3.6,70.1,1,62.03,Medium
EMP1221,56,Female,Master,Operations,10,116803,52,2,29,2.0,1.9,68.1,1,24.64,Low
EMP1222,46,Male,Bachelor,Marketing,8,102742,15,11,1,2.0,2.1,73.6,1,35.58,Low
EMP1223,56,Male,Diploma,Operations,15,116593,60,15,8,1.3,2.3,79.1,8,44.52,Low
EMP1224,46,Female,Master,Operations,10,58992,53,11,46,4.7,1.5,71.8,9,32.84,Low
EMP1225,50,Male,Master,HR,1,111531,39,3,1,3.3,2.1,80.6,2,33.28,Low
EMP1226,39,Female,Bachelor,HR,18,78803,25,3,28,3.7,1.8,66.6,9,19.14,Low
EMP1227,39,Female,Bachelor,HR,2,93477,79,12,32,4.6,2.8,99.1,3,63.79,Medium
EMP1228,23,Female,Bachelor,Operations,19,43210,91,5,9,2.4,4.6,64.3,9,61.7,Medium
EMP1229,56,Male,PhD,Marketing,13,113329,64,7,33,3.5,1.4,97.3,7,28.27,Low
EMP1230,37,Male,Bachelor,Finance,1,56270,99,7,43,1.2,3.9,96.5,3,63.65,Medium
EMP1231,57,Male,Bachelor,Finance,2,92008,73,13,7,1.7,3.7,81.0,9,63.87,Medium
EMP1232,54,Female,Diploma,Engineering,16,35197,63,9,36,4.3,1.4,89.0,9,30.53,Low
EMP1233,25,Male,Bachelor,Finance,15,37452,42,13,32,4.1,4.7,77.4,6,71.65,Medium
EMP1234,54,Female,Bachelor,Finance,13,71486,16,12,46,2.4,3.3,85.2,4,50.71,Medium
EMP1235,35,Female,Bachelor,HR,16,44859,58,13,5,2.5,2.5,73.6,8,40.25,Low
EMP1236,42,Male,Diploma,HR,17,57236,22,10,43,3.1,4.0,72.0,3,52.53,Medium
EMP1237,41,Female,Bachelor,Operations,7,61899,6,1,39,1.0,2.0,83.1,2,14.74,Low
EMP1238,29,Male,Master,Engineering,17,62083,43,8,44,2.0,3.8,79.9,1,58.93,Medium
EMP1239,28,Male,Master,Sales,7,97708,52,16,18,1.8,1.2,83.2,0,38.08,Low
EMP1240,24,Male,Bachelor,Engineering,13,46663,70,13,31,2.0,4.4,71.5,5,69.4,Medium
EMP1241,38,Male,Master,Engineering,5,49053,78,3,26,4.2,2.8,74.7,9,40.78,Low
EMP1242,54,Male,Bachelor,Marketing,17,41085,33,3,0,2.1,3.5,63.4,1,45.84,Low
EMP1243,33,Female,Bachelor,Operations,3,60564,45,5,42,1.8,1.9,62.1,7,16.94,Low
EMP1244,43,Female,Master,Marketing,7,119745,67,11,32,3.0,3.7,70.1,5,57.07,Medium
EMP1245,43,Female,PhD,Engineering,17,89095,77,7,39,4.5,4.1,63.0,4,63.82,Medium
EMP1246,51,Male,Master,Engineering,7,99517,77,10,31,2.0,2.9,64.2,1,46.89,Low
EMP1247,29,Male,Master,Engineering,1,51153,15,10,4,1.3,3.5,92.5,6,47.32,Low
EMP1248,48,Male,Bachelor,Finance,17,35247,70,2,16,2.4,2.8,61.6,1,40.11,Low
EMP1249,48,Female,Bachelor,Marketing,17,40553,95,3,7,4.0,4.6,86.4,4,81.52,High
EMP1250,55,Male,Bachelor,Engineering,11,50811,18,8,41,3.2,3.0,70.9,1,39.1,Low
EMP1251,42,Female,Bachelor,HR,3,36135,1,11,33,4.3,4.4,94.9,9,60.11,Medium
EMP1252,51,Female,Bachelor,Operations,15,35573,9,13,8,4.8,4.2,79.4,1,75.54,High
EMP1253,54,Male,Bachelor,Operations,11,109267,49,7,22,4.2,2.6,72.2,6,47.3,Low
EMP1254,49,Male,Bachelor,HR,16,37189,80,13,34,3.4,1.9,80.7,8,43.39,Low
EMP1255,54,Female,Bachelor,Operations,9,110077,11,2,49,3.0,2.6,75.3,4,22.58,Low
EMP1256,26,Male,Master,Finance,1,73646,69,6,6,1.2,4.3,82.6,6,58.62,Medium
EMP1257,40,Female,PhD,Finance,16,106623,21,9,14,4.9,1.9,64.6,3,28.8,Low
EMP1258,25,Male,Bachelor,Sales,9,83687,31,2,19,2.5,3.1,99.9,1,40.26,Low
EMP1259,56,Male,Diploma,Sales,19,98312,83,18,49,1.6,4.2,77.0,2,75.53,High
EMP1260,38,Female,PhD,Sales,12,57564,0,16,24,3.7,2.4,73.9,1,43.82,Low
EMP1261,49,Male,Bachelor,Operations,19,58835,53,12,2,2.1,3.6,88.4,4,64.13,Medium
EMP1262,51,Female,Master,Finance,9,91587,57,7,45,3.3,2.0,74.6,5,30.59,Low
EMP1263,50,Male,Master,Finance,7,37697,69,7,23,3.3,1.4,93.3,6,28.98,Low
EMP1264,27,Female,Master,Finance,14,110165,82,17,33,2.8,4.2,78.2,2,80.87,High
EMP1265,56,Female,Bachelor,HR,19,103922,17,13,45,4.3,1.4,88.8,3,39.28,Low
EMP1266,45,Male,Master,Finance,19,47046,5,11,21,2.1,2.1,64.3,7,22.07,Low
EMP1267,50,Female,Bachelor,HR,2,87823,44,6,10,2.8,4.4,93.8,3,66.59,Medium
EMP1268,52,Male,Master,Sales,9,103580,96,14,47,3.2,2.4,89.4,6,56.44,Medium
EMP1269,56,Male,Master,Sales,13,83370,22,6,7,3.7,4.9,68.5,5,63.03,Medium
EMP1270,54,Male,Master,Operations,15,39615,22,6,38,4.1,4.9,65.8,6,64.74,Medium
EMP1271,42,Female,Master,Sales,3,35060,25,2,42,2.6,2.1,72.7,0,17.66,Low
EMP1272,53,Female,Master,Operations,11,106436,76,15,34,3.6,1.2,99.0,2,43.31,Low
EMP1273,44,Male,Bachelor,Engineering,14,90519,6,17,48,1.6,3.8,70.3,5,49.35,Low
EMP1274,54,Male,Bachelor,Engineering,8,101117,78,8,45,4.7,2.8,78.2,2,54.96,Medium
EMP1275,24,Female,PhD,Marketing,18,91158,43,5,37,2.5,1.4,61.2,6,7.23,Low
EMP1276,39,Male,Bachelor,Operations,19,64782,26,17,7,3.9,3.8,75.9,8,69.05,Medium
EMP1277,46,Male,Bachelor,Marketing,16,115709,25,1,36,1.1,1.1,82.9,2,6.12,Low
EMP1278,52,Female,Bachelor,Marketing,2,108533,96,18,26,1.8,4.5,98.1,0,94.43,High
EMP1279,24,Male,Bachelor,Engineering,8,88255,78,15,27,2.9,1.6,80.7,9,43.7,Low
EMP1280,45,Female,Diploma,Operations,6,102684,35,5,39,4.5,1.5,92.8,5,23.86,Low
EMP1281,53,Male,Master,Engineering,12,86918,54,7,33,3.1,1.7,81.9,0,25.98,Low
EMP1282,43,Female,Diploma,Marketing,15,114284,63,18,31,4.7,4.8,61.6,0,93.65,High
EMP1283,44,Male,Master,Operations,8,109558,90,6,14,2.9,3.8,72.6,7,58.39,Medium
EMP1284,23,Male,Bachelor,Marketing,4,115549,56,5,43,3.0,4.2,83.0,8,50.74,Medium
EMP1285,48,Female,Bachelor,Finance,15,111422,68,19,16,1.5,2.6,98.0,1,64.03,Medium
EMP1286,23,Male,Master,Operations,17,55256,60,10,32,4.2,2.3,94.4,8,52.51,Medium
EMP1287,47,Female,Bachelor,Operations,13,60005,1,15,46,2.0,1.9,69.1,4,24.77,Low
EMP1288,38,Male,PhD,Marketing,18,36638,54,10,45,4.6,2.9,68.8,7,49.9,Low
EMP1289,54,Female,PhD,Finance,2,67419,96,16,15,4.6,3.2,68.0,6,67.68,Medium
EMP1290,30,Female,Bachelor,HR,13,63377,79,12,28,4.8,3.5,96.9,6,65.45,Medium
EMP1291,50,Female,Diploma,Engineering,13,73116,86,18,8,3.1,2.0,94.1,3,63.09,Medium
EMP1292,47,Female,PhD,Marketing,15,66634,37,1,32,3.7,4.8,91.0,1,66.71,Medium
EMP1293,56,Male,Master,Operations,10,112291,79,16,48,4.1,1.7,75.7,4,44.78,Low
EMP1294,46,Male,Bachelor,Engineering,3,53382,77,6,28,1.5,4.9,80.2,2,76.09,High
EMP1295,45,Female,Bachelor,Engineering,19,86063,28,3,12,3.4,1.1,78.6,8,6.13,Low
EMP1296,34,Female,Master,Engineering,3,52394,25,2,20,1.1,2.9,70.1,5,21.67,Low
EMP1297,28,Female,Bachelor,HR,14,97789,34,2,20,3.0,2.3,80.2,0,30.62,Low
EMP1298,57,Male,Bachelor,Sales,8,30864,78,13,4,1.6,2.8,61.2,2,51.84,Medium
EMP1299,41,Male,Master,Marketing,4,70222,66,9,9,1.7,3.3,65.3,3,56.1,Medium
EMP1300,22,Male,Bachelor,Sales,11,43666,86,16,5,2.5,2.7,95.5,8,60.69,Medium
EMP1301,29,Male,Master,Sales,11,50955,28,5,12,2.7,2.7,90.1,5,36.62,Low
EMP1302,37,Female,Diploma,Sales,11,111845,33,7,0,3.5,3.9,76.9,3,55.28,Medium
EMP1303,35,Female,PhD,Engineering,2,99590,96,13,19,1.3,3.7,80.7,0,73.91,Medium
EMP1304,33,Female,Bachelor,Finance,17,96471,40,13,46,3.0,4.3,74.8,7,58.08,Medium
EMP1305,44,Male,PhD,Engineering,9,118314,40,7,45,1.7,2.0,89.6,1,25.54,Low
EMP1306,36,Male,Bachelor,Engineering,2,73298,22,10,7,3.3,3.4,91.4,7,50.86,Medium
EMP1307,49,Male,Bachelor,Operations,15,93108,70,15,9,3.5,3.3,90.5,5,68.88,Medium
EMP1308,55,Female,Master,Operations,16,78924,2,6,8,3.2,2.5,88.9,7,28.74,Low
EMP1309,23,Female,Bachelor,Sales,4,46709,57,5,48,4.0,2.9,68.2,5,42.89,Low
EMP1310,53,Male,Bachelor,Engineering,8,39726,31,2,40,2.3,2.3,73.5,4,21.08,Low
EMP1311,44,Female,Master,Sales,9,90824,30,15,2,4.1,1.6,78.8,4,44.16,Low
EMP1312,43,Male,Bachelor,Operations,5,70542,81,16,10,2.7,1.9,73.2,9,45.92,Low
EMP1313,46,Male,Bachelor,Finance,16,50245,42,19,11,2.9,1.4,90.2,9,43.79,Low
EMP1314,43,Female,Bachelor,Marketing,13,64753,6,9,9,3.6,3.7,73.2,7,47.47,Low
EMP1315,43,Male,Master,Sales,7,109788,0,19,24,1.1,3.6,65.5,6,51.46,Medium
EMP1316,27,Female,Master,Finance,17,51316,60,7,48,3.6,4.8,76.0,7,60.42,Medium
EMP1317,36,Male,Bachelor,Marketing,3,114698,13,4,48,3.5,3.9,99.2,7,55.21,Medium
EMP1318,54,Female,Bachelor,HR,5,45960,51,3,24,2.2,1.2,69.0,6,14.6,Low
EMP1319,29,Female,Bachelor,Sales,19,60791,95,11,10,1.3,4.5,84.5,1,77.84,High
EMP1320,26,Female,Bachelor,Sales,12,55216,5,1,35,1.4,4.5,77.3,8,37.46,Low
EMP1321,25,Male,Master,HR,7,62467,9,6,38,4.7,2.8,62.8,6,32.29,Low
EMP1322,27,Male,Bachelor,HR,9,94427,70,11,25,3.8,3.3,79.5,5,65.97,Medium
EMP1323,53,Female,Bachelor,Sales,6,92047,89,1,13,1.5,4.9,88.1,8,67.21,Medium
EMP1324,51,Female,Master,HR,17,103290,97,7,38,2.4,3.1,80.5,0,55.16,Medium
EMP1325,56,Male,Master,Engineering,16,77014,29,6,39,3.4,4.6,94.9,1,62.26,Medium
EMP1326,37,Male,Master,Marketing,3,34078,99,14,0,4.3,1.3,71.6,0,55.94,Medium
EMP1327,34,Male,Bachelor,Marketing,4,108389,20,2,3,1.2,1.8,63.4,9,10.78,Low
EMP1328,51,Female,Bachelor,Marketing,10,80519,59,4,29,1.9,2.8,97.5,2,44.9,Low
EMP1329,40,Male,Bachelor,Engineering,5,34042,80,11,11,4.6,3.3,75.1,4,66.19,Medium
EMP1330,38,Male,Bachelor,HR,10,79052,96,15,34,1.0,4.3,83.1,0,77.25,High
EMP1331,40,Female,Master,Finance,12,44389,73,18,12,1.8,5.0,91.7,3,95.87,High
EMP1332,49,Male,PhD,HR,10,98111,62,1,30,4.8,2.6,73.0,7,42.2,Low
EMP1333,47,Male,Master,Sales,13,80733,41,3,37,3.5,1.2,88.6,5,19.34,Low
EMP1334,47,Male,Master,Operations,11,64754,50,3,42,2.0,4.2,65.4,0,54.93,Medium
EMP1335,44,Female,Bachelor,Marketing,16,48624,63,7,22,1.3,3.4,71.7,0,51.54,Medium
EMP1336,30,Female,Master,HR,8,115886,75,1,3,1.1,1.8,65.8,2,19.72,Low
EMP1337,33,Female,Bachelor,Finance,8,56681,55,11,15,2.0,3.0,92.4,9,44.68,Low
EMP1338,22,Female,Master,Sales,8,119524,79,6,6,4.5,4.0,68.9,7,68.71,Medium
EMP1339,22,Female,Bachelor,Engineering,13,111006,40,3,21,2.7,4.1,88.7,7,55.38,Medium
EMP1340,55,Female,Bachelor,Engineering,2,54704,31,19,28,3.9,3.0,97.7,2,68.64,Medium
EMP1341,53,Female,Bachelor,Finance,12,37493,14,2,10,4.7,2.2,81.1,6,29.49,Low
EMP1342,46,Male,Diploma,Sales,10,99639,61,18,32,2.6,4.9,81.6,2,89.5,High
EMP1343,22,Male,Bachelor,Marketing,12,84383,26,12,28,1.8,3.7,78.4,3,52.95,Medium
EMP1344,37,Female,Bachelor,HR,11,32994,27,10,38,3.1,2.6,73.0,8,35.96,Low
EMP1345,26,Male,Bachelor,Sales,15,99280,80,5,11,4.6,2.1,79.0,3,44.77,Low
EMP1346,43,Male,Master,Engineering,16,77234,63,9,6,4.2,3.9,84.1,2,67.92,Medium
EMP1347,50,Female,Master,Finance,17,77291,58,2,38,1.3,2.0,99.4,4,28.03,Low
EMP1348,24,Male,Master,Finance,2,35594,57,2,41,3.8,1.7,97.5,6,30.6,Low
EMP1349,33,Male,Bachelor,HR,18,37371,1,6,47,3.3,3.1,94.5,4,45.5,Low
EMP1350,47,Male,Master,Finance,12,77315,35,10,25,4.6,2.2,95.6,3,46.68,Low
EMP1351,37,Male,Bachelor,Finance,19,113564,70,18,39,1.5,3.5,78.7,7,57.14,Medium
EMP1352,43,Male,PhD,Sales,18,109526,12,12,8,3.1,1.5,86.3,3,29.8,Low
EMP1353,50,Female,Master,Marketing,17,46626,14,4,40,4.5,3.6,95.8,1,51.27,Medium
EMP1354,35,Female,Bachelor,HR,6,116005,88,17,33,2.6,2.1,75.7,9,47.16,Low
EMP1355,49,Female,Bachelor,Sales,15,37130,86,15,44,2.9,1.0,98.5,5,39.05,Low
EMP1356,26,Male,Bachelor,Marketing,3,36828,59,6,12,1.3,1.5,76.6,1,27.18,Low
EMP1357,51,Female,Bachelor,Sales,6,87514,21,16,35,2.1,4.7,84.0,2,74.38,Medium
EMP1358,26,Male,Bachelor,Operations,3,82664,62,17,24,2.3,4.5,88.4,0,83.8,High
EMP1359,33,Male,Master,Sales,1,47883,89,3,23,4.8,1.9,98.0,4,36.82,Low
EMP1360,37,Male,Bachelor,Finance,13,73059,96,10,43,2.1,4.1,69.8,8,62.32,Medium
EMP1361,47,Male,Bachelor,Marketing,14,114078,74,5,16,2.8,3.4,89.8,1,58.6,Medium
EMP1362,47,Female,Bachelor,HR,13,72932,73,14,1,3.7,4.9,80.8,6,88.46,High
EMP1363,42,Female,Bachelor,HR,4,91269,24,13,12,1.6,2.5,70.7,4,36.71,Low
EMP1364,57,Male,PhD,Marketing,7,105986,47,6,30,2.9,3.7,91.1,1,57.76,Medium
EMP1365,54,Female,Bachelor,Finance,10,115959,42,12,28,4.0,1.3,82.1,7,31.48,Low
EMP1366,51,Male,Master,Engineering,7,32035,37,8,49,4.5,2.6,86.4,5,41.27,Low
EMP1367,44,Female,PhD,Sales,15,70745,40,5,27,3.5,4.9,72.9,3,68.68,Medium
EMP1368,31,Female,Master,Finance,15,47241,44,15,26,3.7,3.2,79.3,3,60.66,Medium
EMP1369,26,Male,PhD,Operations,4,82975,87,16,14,1.5,2.2,84.7,1,55.2,Medium
EMP1370,57,Female,Bachelor,Marketing,6,53154,39,1,30,4.8,1.5,76.2,2,14.46,Low
EMP1371,55,Male,Diploma,Sales,5,55625,96,16,39,1.5,3.8,67.9,6,61.93,Medium
EMP1372,52,Female,Bachelor,HR,12,74950,16,5,14,4.1,3.6,98.5,2,51.32,Medium
EMP1373,31,Male,Bachelor,Engineering,1,86396,87,3,32,2.1,2.5,80.5,4,38.75,Low
EMP1374,40,Male,Master,Operations,8,43331,56,15,19,4.7,4.8,89.4,9,87.19,High
EMP1375,53,Female,Diploma,HR,1,93927,1,13,41,3.9,1.1,76.4,5,19.18,Low
EMP1376,22,Female,PhD,Marketing,5,116226,95,16,11,4.0,2.2,74.2,5,61.39,Medium
EMP1377,26,Male,Bachelor,Sales,6,114719,61,11,36,1.9,4.7,76.3,3,72.08,Medium
EMP1378,25,Female,Bachelor,Marketing,3,93014,87,2,8,2.8,2.3,76.4,5,38.24,Low
EMP1379,37,Female,Diploma,Sales,15,69346,8,6,22,3.5,2.0,81.8,2,30.21,Low
EMP1380,45,Male,Bachelor,Finance,5,100411,67,6,7,4.1,3.1,81.7,6,54.22,Medium
EMP1381,37,Male,Master,Engineering,14,84478,80,14,31,1.4,4.3,79.9,6,68.81,Medium
EMP1382,23,Female,PhD,Finance,18,42254,16,11,47,4.8,1.4,65.4,3,26.78,Low
EMP1383,49,Male,Bachelor,Finance,16,85734,49,8,13,4.6,4.8,79.8,1,83.78,High
EMP1384,53,Male,Bachelor,Marketing,6,58621,93,8,26,2.1,4.2,66.8,6,64.74,Medium
EMP1385,48,Male,Bachelor,Engineering,14,106441,39,1,24,4.3,1.7,65.0,2,23.95,Low
EMP1386,41,Female,Bachelor,Sales,8,76121,57,7,12,3.1,3.8,97.3,0,63.73,Medium
EMP1387,45,Female,PhD,Sales,7,111418,74,6,20,2.8,2.5,84.2,1,51.13,Medium
EMP1388,33,Male,Bachelor,Operations,8,90197,84,8,44,2.3,2.6,86.4,9,36.13,Low
EMP1389,56,Female,PhD,HR,13,114577,20,19,30,3.3,4.1,76.1,8,59.81,Medium
EMP1390,54,Male,Bachelor,Operations,6,72431,17,8,36,3.9,4.9,96.4,7,67.94,Medium
EMP1391,54,Female,Diploma,Operations,18,34837,54,14,47,2.6,1.5,85.5,5,29.98,Low
EMP1392,33,Male,Bachelor,Sales,2,113163,28,18,42,3.5,2.7,90.8,5,55.95,Medium
EMP1393,24,Male,Bachelor,Marketing,8,101232,23,16,4,3.8,2.9,74.7,0,53.68,Medium
EMP1394,22,Female,Bachelor,Finance,11,78994,73,9,12,3.8,2.5,98.4,1,60.14,Medium
EMP1395,54,Male,Master,Finance,1,109079,16,15,27,1.2,2.5,92.8,3,43.43,Low
EMP1396,31,Female,Master,Finance,6,42615,17,10,42,4.4,1.2,94.2,2,28.09,Low
EMP1397,50,Female,PhD,Engineering,16,31466,41,16,24,2.8,3.7,66.9,0,58.72,Medium
EMP1398,34,Male,Bachelor,Sales,12,60771,83,4,34,2.0,2.7,70.8,7,30.41,Low
EMP1399,33,Male,Bachelor,Marketing,11,113886,44,13,46,2.0,1.8,71.4,6,28.77,Low
EMP1400,52,Female,Master,Engineering,10,95911,81,5,38,2.9,4.3,70.8,3,62.32,Medium
EMP1401,23,Male,Bachelor,HR,3,50746,16,7,6,4.5,4.2,94.2,8,63.09,Medium
EMP1402,56,Male,Bachelor,Marketing,13,118422,72,9,37,2.5,2.9,61.3,3,45.58,Low
EMP1403,44,Male,Diploma,Operations,3,90739,13,8,31,4.0,2.2,63.0,0,32.69,Low
EMP1404,38,Male,Diploma,Marketing,15,103369,48,16,2,1.4,3.6,71.0,9,48.37,Low
EMP1405,47,Male,Diploma,Marketing,16,31893,28,6,44,2.9,2.2,68.0,0,31.92,Low
EMP1406,29,Female,Master,Finance,13,60573,94,16,38,5.0,1.9,69.3,0,56.24,Medium
EMP1407,50,Female,Bachelor,Marketing,17,70874,3,6,36,4.1,3.9,91.9,0,54.12,Medium
EMP1408,47,Male,Bachelor,Operations,3,107362,81,14,49,1.8,1.2,82.5,3,29.26,Low
EMP1409,31,Male,Master,Operations,11,117460,19,1,21,3.0,1.4,60.2,0,8.09,Low
EMP1410,47,Male,PhD,Sales,19,63367,46,9,7,1.9,1.0,77.2,1,28.33,Low
EMP1411,55,Female,Bachelor,Marketing,11,51199,8,13,16,2.6,1.6,76.3,3,30.63,Low
EMP1412,28,Male,Bachelor,Finance,16,104328,76,19,26,4.1,1.3,64.6,6,45.76,Low
EMP1413,25,Female,Bachelor,Marketing,3,87724,78,17,32,4.1,5.0,87.0,1,95.29,High
EMP1414,32,Female,Master,HR,6,116133,26,11,45,1.9,2.2,88.1,7,23.67,Low
EMP1415,50,Female,PhD,HR,14,66405,14,8,16,4.7,1.6,88.8,6,35.73,Low
EMP1416,57,Male,Master,Finance,18,45989,91,5,41,3.4,2.0,89.1,8,37.18,Low
EMP1417,46,Female,Bachelor,Sales,17,58931,18,10,11,2.5,4.7,60.0,5,61.13,Medium
EMP1418,42,Male,Diploma,Sales,4,39290,89,7,47,3.0,3.1,98.2,3,55.18,Medium
EMP1419,57,Female,Master,Operations,15,68367,51,10,45,3.4,2.5,92.6,5,37.44,Low
EMP1420,31,Male,Bachelor,Operations,11,109878,25,4,26,3.2,4.5,96.2,3,64.59,Medium
EMP1421,30,Female,Bachelor,Engineering,3,109481,88,9,47,2.9,2.6,60.6,6,38.72,Low
EMP1422,45,Male,Bachelor,Finance,3,106298,25,14,7,3.0,2.3,97.4,8,44.82,Low
EMP1423,56,Female,Bachelor,Marketing,16,60133,25,2,22,1.7,1.8,92.4,2,22.81,Low
EMP1424,56,Male,Diploma,Finance,5,57052,45,9,41,4.3,2.5,93.5,2,48.9,Low
EMP1425,57,Male,Bachelor,Engineering,10,115489,91,1,48,3.2,2.3,63.7,1,36.37,Low
EMP1426,39,Male,PhD,Operations,19,70475,48,10,28,1.5,3.7,89.6,0,63.04,Medium
EMP1427,53,Male,Bachelor,Finance,4,112666,81,10,49,4.1,2.2,98.4,0,50.82,Medium
EMP1428,45,Female,Bachelor,Finance,19,87656,95,3,19,4.7,3.3,87.1,2,63.19,Medium
EMP1429,44,Female,Bachelor,Operations,11,34633,52,6,15,4.8,1.3,82.8,6,28.58,Low
EMP1430,53,Male,Bachelor,Engineering,2,47304,2,6,16,2.5,1.8,97.8,8,13.89,Low
EMP1431,33,Female,Bachelor,Operations,10,76546,65,2,15,1.5,2.6,77.7,1,37.37,Low
EMP1432,34,Male,Diploma,Sales,11,37008,96,18,18,3.1,4.7,84.0,6,94.12,High
EMP1433,44,Male,Master,Marketing,16,78291,41,2,7,1.5,2.5,79.1,0,37.22,Low
EMP1434,46,Female,Master,Operations,19,57405,18,12,37,4.7,3.7,97.3,1,70.97,Medium
EMP1435,56,Male,Bachelor,Engineering,11,66386,16,5,37,1.7,2.0,63.0,5,9.08,Low
EMP1436,51,Male,Bachelor,HR,14,50827,32,7,28,2.0,1.5,80.0,4,25.31,Low
EMP1437,38,Female,Bachelor,Sales,2,63040,75,16,40,2.6,1.2,87.5,7,35.43,Low
EMP1438,41,Male,Master,HR,5,90354,48,1,35,2.5,2.2,91.7,1,35.27,Low
EMP1439,46,Male,Bachelor,Operations,5,108543,55,1,25,4.2,1.6,83.3,0,28.7,Low
EMP1440,43,Male,Bachelor,Sales,19,48157,62,17,30,2.8,1.7,96.4,6,42.81,Low
EMP1441,34,Male,Master,Marketing,12,65315,2,1,43,1.7,4.0,97.7,5,34.21,Low
EMP1442,40,Female,Bachelor,Operations,18,65932,48,13,11,2.1,1.1,62.6,7,24.5,Low
EMP1443,57,Female,Bachelor,Marketing,4,51164,54,9,16,3.0,3.2,76.1,7,51.04,Medium
EMP1444,33,Female,Bachelor,Finance,17,44414,25,15,14,1.6,2.5,60.9,1,37.77,Low
EMP1445,40,Male,Diploma,HR,10,44327,98,3,8,3.4,3.0,73.2,7,42.54,Low
EMP1446,33,Male,Master,Sales,6,30946,71,14,38,3.3,3.3,81.5,5,62.6,Medium
EMP1447,30,Female,Bachelor,Marketing,14,44693,51,11,41,3.9,2.3,96.4,8,44.26,Low
EMP1448,28,Male,Bachelor,Engineering,11,57241,99,12,47,4.8,2.2,93.9,6,52.07,Medium
EMP1449,49,Male,Diploma,Marketing,11,45540,6,13,11,4.6,3.9,65.1,1,59.74,Medium
EMP1450,35,Male,Master,Engineering,18,102255,45,13,31,4.8,4.5,63.7,7,72.68,Medium
EMP1451,52,Male,Bachelor,Operations,18,94757,45,1,24,2.0,1.8,83.6,8,22.11,Low
EMP1452,40,Female,PhD,Sales,11,71203,99,10,38,1.5,1.4,81.3,6,29.33,Low
EMP1453,37,Female,Bachelor,Marketing,12,55081,15,3,17,2.2,4.6,70.7,3,49.47,Low
EMP1454,26,Female,Master,Marketing,5,91861,23,4,14,4.6,2.4,96.0,8,36.2,Low
EMP1455,56,Male,Master,Sales,9,41350,60,16,31,4.9,3.2,97.1,3,73.26,Medium
EMP1456,33,Female,Bachelor,Marketing,9,85512,53,8,5,4.4,2.4,76.1,3,46.31,Low
EMP1457,46,Female,Diploma,Engineering,10,86809,61,16,43,1.4,1.5,95.6,8,38.8,Low
EMP1458,42,Male,Master,Marketing,19,72832,0,17,42,4.8,3.4,75.4,7,56.93,Medium
EMP1459,57,Male,Master,HR,1,58369,48,19,34,2.7,3.1,89.5,3,61.54,Medium
EMP1460,44,Female,Bachelor,Operations,7,61728,24,15,33,1.0,1.8,79.0,7,20.7,Low
EMP1461,37,Female,Bachelor,Finance,4,47576,9,16,37,2.8,2.8,64.9,7,43.44,Low
EMP1462,35,Female,Bachelor,Engineering,1,59001,79,15,4,1.2,4.2,97.1,6,78.87,High
EMP1463,52,Female,Master,HR,15,113384,15,2,17,3.2,3.4,78.2,9,33.77,Low
EMP1464,26,Male,Bachelor,Operations,8,30390,57,11,15,2.4,1.4,89.4,5,33.54,Low
EMP1465,56,Female,Master,Sales,12,117535,71,1,7,2.9,3.2,74.7,7,42.62,Low
EMP1466,44,Female,Master,Engineering,18,75436,28,15,24,3.5,3.8,60.8,6,59.9,Medium
EMP1467,50,Male,Bachelor,Finance,15,41569,91,19,31,4.5,4.2,64.0,4,81.82,High
EMP1468,32,Female,Master,Operations,17,43029,5,4,25,3.6,3.5,79.8,3,39.17,Low
EMP1469,39,Male,Bachelor,Finance,14,52490,15,11,21,2.7,1.6,87.6,1,33.2,Low
EMP1470,33,Male,Diploma,Sales,14,75875,19,5,30,4.3,3.8,73.4,7,50.1,Medium
EMP1471,30,Male,Bachelor,Sales,18,35867,79,3,42,4.6,3.7,87.8,8,54.37,Medium
EMP1472,31,Female,Bachelor,Engineering,18,110820,70,13,9,1.5,1.1,87.9,3,30.79,Low
EMP1473,38,Female,Bachelor,Marketing,16,39121,77,10,11,3.1,2.6,88.2,3,58.11,Medium
EMP1474,28,Male,Bachelor,Sales,1,31539,42,11,27,2.1,2.3,79.7,4,35.34,Low
EMP1475,34,Female,Master,Operations,11,47027,25,18,5,1.2,3.7,96.6,1,67.04,Medium
EMP1476,30,Female,Master,Marketing,15,104229,89,2,19,3.7,1.9,79.6,6,34.01,Low
EMP1477,48,Male,Master,HR,12,38921,77,7,4,4.5,3.4,78.0,4,58.59,Medium
EMP1478,23,Male,Bachelor,Finance,8,80435,70,9,22,1.7,4.7,68.0,5,67.49,Medium
EMP1479,26,Female,Bachelor,Marketing,6,40310,32,10,8,4.2,4.2,72.3,3,67.3,Medium
EMP1480,50,Male,Bachelor,Finance,3,93965,25,18,28,4.4,4.7,61.7,7,75.53,High
EMP1481,40,Female,Master,Marketing,13,99922,44,7,15,4.7,4.9,85.3,7,74.19,Medium
EMP1482,29,Female,PhD,HR,13,112839,83,7,45,2.1,1.0,69.9,4,26.51,Low
EMP1483,22,Female,Bachelor,Sales,2,42242,62,3,21,4.6,3.5,72.2,5,56.38,Medium
EMP1484,43,Female,Bachelor,HR,5,38947,66,12,7,2.3,2.7,90.8,2,55.73,Medium
EMP1485,38,Male,Master,Sales,17,101466,51,7,19,3.2,4.4,73.1,0,68.19,Medium
EMP1486,28,Male,PhD,Sales,6,91816,67,17,13,1.2,2.0,69.7,8,44.93,Low
EMP1487,46,Male,Master,Finance,2,78785,25,1,38,1.2,4.9,66.8,8,46.84,Low
EMP1488,25,Male,PhD,Operations,4,30507,74,5,36,3.9,3.5,91.0,2,55.93,Medium
EMP1489,57,Female,Bachelor,HR,11,96972,1,16,49,2.8,4.2,65.2,3,60.76,Medium
EMP1490,27,Female,Bachelor,Marketing,8,57151,13,15,33,2.0,1.3,78.2,6,25.21,Low
EMP1491,52,Male,PhD,HR,12,41618,29,2,10,1.8,1.7,80.3,1,25.46,Low
EMP1492,40,Female,Master,Finance,8,104286,48,9,39,3.7,4.0,87.5,2,63.31,Medium
EMP1493,48,Female,Bachelor,Sales,11,46122,11,7,32,1.0,1.1,85.3,5,6.04,Low
EMP1494,31,Female,Master,Finance,8,37354,89,4,30,4.2,4.3,92.4,7,65.75,Medium
EMP1495,47,Male,PhD,Engineering,8,60979,43,18,43,1.3,1.1,61.8,0,28.3,Low
EMP1496,40,Male,Master,Engineering,17,116436,32,4,33,1.8,3.6,71.9,3,43.36,Low
EMP1497,24,Male,Master,Marketing,16,109376,12,13,49,2.5,2.5,71.2,0,36.01,Low
EMP1498,34,Female,Bachelor,Finance,14,82774,77,1,6,2.9,3.4,65.8,1,50.43,Medium
EMP1499,49,Male,Master,Marketing,11,35037,87,3,48,2.4,3.8,71.6,7,42.4,Low
EMP1500,41,Male,Master,Marketing,7,58633,97,16,22,2.3,2.4,72.4,5,59.29,Medium
EMP1501,49,Male,PhD,Engineering,16,54495,25,4,45,4.9,1.4,80.9,8,12.25,Low
EMP1502,29,Male,PhD,Marketing,13,94550,20,16,6,3.6,1.3,86.5,1,39.82,Low
EMP1503,22,Male,PhD,Engineering,15,111384,27,19,24,1.1,3.4,75.2,2,57.76,Medium
EMP1504,24,Male,Bachelor,Sales,16,66483,47,1,2,2.7,3.1,88.8,8,39.15,Low
EMP1505,34,Female,Master,Finance,9,103373,99,5,37,4.5,4.0,73.4,8,63.83,Medium
EMP1506,49,Female,Master,Marketing,3,64069,39,19,19,2.2,3.0,71.6,5,51.62,Medium
EMP1507,46,Male,Master,Engineering,19,37370,65,11,33,1.4,2.7,81.6,2,45.26,Low
EMP1508,54,Male,Master,HR,5,101947,72,13,48,4.0,2.6,60.9,4,52.44,Medium
EMP1509,27,Female,PhD,Marketing,10,69133,86,5,43,3.4,1.1,63.2,1,29.0,Low
EMP1510,53,Female,Bachelor,Operations,17,30692,78,4,43,3.3,2.3,76.7,6,33.56,Low
EMP1511,42,Male,Master,Sales,15,58926,76,4,29,1.2,4.9,97.7,9,58.68,Medium
EMP1512,37,Male,Bachelor,Sales,8,103984,22,4,16,1.6,4.5,88.9,7,49.0,Low
EMP1513,42,Male,Bachelor,HR,15,73390,80,4,9,3.5,2.3,63.5,5,44.48,Low
EMP1514,32,Male,Master,Engineering,14,79593,47,18,34,1.8,3.4,93.9,7,57.02,Medium
EMP1515,57,Female,Master,Marketing,7,105609,1,18,19,3.0,4.4,89.3,1,73.38,Medium
EMP1516,56,Male,Bachelor,Engineering,12,35209,83,16,17,3.2,2.8,84.4,2,69.97,Medium
EMP1517,40,Male,Bachelor,Sales,17,36533,19,9,44,2.1,1.1,92.8,6,12.35,Low
EMP1518,41,Male,Master,Engineering,17,116597,58,18,43,4.8,1.3,76.2,9,37.42,Low
EMP1519,39,Male,Bachelor,Sales,10,37211,45,2,26,4.4,3.0,68.9,0,47.28,Low
EMP1520,35,Female,Bachelor,Engineering,19,39927,2,4,48,3.9,4.9,80.5,6,60.7,Medium
EMP1521,36,Female,Bachelor,HR,14,107463,54,12,35,1.3,3.8,82.0,5,53.99,Medium
EMP1522,52,Female,Bachelor,Finance,11,54594,11,7,22,1.4,1.3,81.5,7,14.37,Low
EMP1523,22,Male,Bachelor,HR,2,104852,39,15,31,3.0,1.8,82.6,6,35.87,Low
EMP1524,24,Male,Bachelor,HR,18,107713,65,7,9,1.6,4.1,97.9,3,61.92,Medium
EMP1525,37,Female,Bachelor,Finance,7,106382,99,17,10,4.9,4.4,96.1,2,99.25,High
EMP1526,44,Male,PhD,Finance,12,37933,77,16,37,1.6,3.5,95.0,2,63.98,Medium
EMP1527,32,Male,Master,Marketing,2,70696,15,19,5,2.9,3.6,92.1,3,69.08,Medium
EMP1528,33,Female,Master,Marketing,18,95449,82,9,40,2.5,1.1,97.7,8,36.68,Low
EMP1529,31,Female,Bachelor,HR,6,97616,33,14,46,3.6,4.3,63.9,8,63.98,Medium
EMP1530,53,Female,Bachelor,HR,10,36089,43,17,33,1.5,4.2,70.6,1,67.48,Medium
EMP1531,37,Female,Master,Sales,15,86548,5,5,35,2.7,2.0,79.8,4,23.46,Low
EMP1532,29,Male,Bachelor,Sales,5,56123,76,2,36,2.1,3.8,93.9,0,54.01,Medium
EMP1533,33,Male,Bachelor,Marketing,3,37797,63,16,16,4.6,1.9,80.2,3,50.75,Medium
EMP1534,45,Female,Master,Operations,5,80013,99,14,39,1.2,1.2,89.9,1,38.47,Low
EMP1535,49,Male,Master,Operations,8,38346,21,14,39,4.7,1.8,65.6,7,32.56,Low
EMP1536,29,Female,Bachelor,Marketing,8,115414,17,1,11,4.3,1.7,70.1,3,16.68,Low
EMP1537,49,Female,Bachelor,Sales,8,63672,11,3,20,2.2,2.4,89.3,4,24.94,Low
EMP1538,57,Male,Master,Sales,12,47653,51,7,39,4.2,2.7,66.6,3,42.43,Low
EMP1539,47,Female,Bachelor,Operations,8,79556,93,15,18,1.1,3.0,74.1,4,62.93,Medium
EMP1540,29,Male,Master,Engineering,11,56140,50,19,2,4.9,2.9,70.6,4,62.98,Medium
EMP1541,49,Male,Master,Engineering,14,31184,70,2,17,3.1,2.1,74.0,4,27.98,Low
EMP1542,49,Male,Diploma,Sales,8,64493,95,19,18,2.2,1.1,88.3,2,48.11,Low
EMP1543,57,Male,Bachelor,Engineering,10,74148,47,9,46,2.5,3.4,74.7,6,49.56,Low
EMP1544,48,Female,PhD,Finance,7,54846,18,19,5,1.3,2.6,82.2,2,51.3,Medium
EMP1545,38,Male,Master,Marketing,17,52195,5,5,15,5.0,2.2,64.0,1,33.25,Low
EMP1546,30,Female,Bachelor,Marketing,4,35606,83,18,7,1.2,4.5,92.2,2,85.01,High
EMP1547,54,Female,Bachelor,Sales,13,33956,26,16,47,3.6,4.0,74.8,2,67.65,Medium
EMP1548,41,Female,Master,HR,4,46555,52,4,17,2.8,4.4,85.9,7,61.58,Medium
EMP1549,34,Female,Bachelor,Operations,5,48690,47,12,47,4.8,3.0,89.0,3,56.54,Medium
EMP1550,49,Male,Bachelor,Sales,4,88502,6,7,42,2.0,1.5,68.4,2,10.18,Low
EMP1551,50,Male,Bachelor,Engineering,18,78849,58,14,38,3.1,3.8,95.4,9,60.39,Medium
EMP1552,34,Female,PhD,Operations,6,56347,68,12,48,2.9,1.8,84.6,4,41.05,Low
EMP1553,56,Female,Master,HR,2,79056,10,3,48,3.8,2.8,77.1,3,26.05,Low
EMP1554,27,Male,Master,Engineering,11,93851,14,5,11,1.3,1.3,67.3,8,10.75,Low
EMP1555,39,Female,Bachelor,Finance,14,111502,63,17,44,1.8,4.3,97.7,7,70.43,Medium
EMP1556,26,Male,Bachelor,Engineering,5,111418,2,10,9,1.9,1.5,90.2,6,21.38,Low
EMP1557,46,Female,Master,Finance,6,100211,68,10,6,4.0,4.6,68.3,7,76.16,High
EMP1558,23,Male,Bachelor,Operations,10,71850,22,11,45,1.8,4.5,73.5,4,55.03,Medium
EMP1559,31,Female,Bachelor,Finance,8,108545,52,17,0,3.3,2.9,92.4,3,63.74,Medium
EMP1560,51,Female,Master,Operations,14,57843,36,5,48,1.9,4.0,87.8,6,47.12,Low
EMP1561,26,Male,Diploma,Operations,3,92320,8,13,35,4.4,3.5,90.6,0,58.24,Medium
EMP1562,54,Female,Master,Operations,12,59793,14,10,20,4.8,4.2,77.6,5,59.71,Medium
EMP1563,22,Female,Master,Operations,16,69516,2,9,36,3.1,2.7,88.7,7,30.35,Low
EMP1564,39,Male,Diploma,Operations,17,47857,92,17,23,2.4,4.1,75.5,6,79.94,High
EMP1565,53,Female,Bachelor,Engineering,1,49627,69,1,24,1.9,2.8,68.5,1,38.12,Low
EMP1566,32,Male,Master,Operations,10,91822,16,4,6,1.2,4.8,85.3,6,51.87,Medium
EMP1567,42,Male,Diploma,Engineering,10,114101,25,4,41,2.1,2.9,99.0,5,36.81,Low
EMP1568,47,Female,Bachelor,Operations,2,82248,20,18,16,3.6,2.9,72.4,4,52.26,Medium
EMP1569,46,Female,Master,Finance,9,85798,71,9,28,3.1,4.1,78.4,3,60.86,Medium
EMP1570,43,Female,Master,Operations,13,74116,20,18,29,4.8,4.3,87.0,0,83.15,High
EMP1571,48,Female,Master,HR,16,105318,10,14,6,2.6,3.2,81.7,1,59.33,Medium
EMP1572,34,Female,Master,Operations,18,117902,37,15,32,3.8,1.7,93.7,6,41.38,Low
EMP1573,54,Female,Diploma,Operations,19,58557,71,6,6,3.0,2.9,90.5,9,41.2,Low
EMP1574,55,Female,Master,Finance,12,101334,87,10,23,3.1,4.9,62.3,2,79.87,High
EMP1575,56,Male,Bachelor,Marketing,8,105163,34,15,10,2.1,4.0,99.9,4,67.7,Medium
EMP1576,22,Female,PhD,Finance,17,108002,13,4,8,2.8,4.2,90.1,7,52.19,Medium
EMP1577,42,Male,Bachelor,HR,15,72614,13,18,11,2.9,1.1,94.6,7,27.65,Low
EMP1578,27,Female,Bachelor,Marketing,10,42720,9,18,34,3.8,2.9,86.0,5,51.44,Medium
EMP1579,49,Female,Bachelor,Sales,15,87608,11,17,3,4.8,3.6,94.3,4,65.55,Medium
EMP1580,38,Male,Bachelor,Sales,15,102095,37,12,35,2.3,4.3,64.5,1,63.45,Medium
EMP1581,26,Female,Bachelor,HR,7,114694,33,7,27,1.2,1.2,73.9,8,4.87,Low
EMP1582,52,Female,Diploma,Finance,13,117593,40,16,12,3.0,4.4,95.1,0,82.86,High
EMP1583,26,Male,Master,Engineering,17,65892,9,11,22,3.2,3.2,68.1,1,45.09,Low
EMP1584,24,Female,Master,HR,9,107242,16,14,18,1.7,1.8,63.1,0,20.75,Low
EMP1585,44,Female,Bachelor,Marketing,8,107606,16,3,41,4.0,2.3,91.5,3,32.49,Low
EMP1586,31,Female,Diploma,Marketing,18,30924,66,19,36,4.9,2.1,93.4,3,62.52,Medium
EMP1587,31,Male,Diploma,Operations,13,81322,61,18,38,4.8,3.1,66.5,4,69.04,Medium
EMP1588,40,Female,Master,Sales,16,56478,94,10,23,1.8,1.2,94.2,4,28.01,Low
EMP1589,38,Female,Bachelor,Marketing,9,101042,0,6,15,4.5,1.6,87.5,7,20.16,Low
EMP1590,42,Female,Bachelor,HR,12,76418,11,13,32,3.8,4.3,80.8,2,66.75,Medium
EMP1591,35,Female,Bachelor,Marketing,12,92217,3,10,11,2.8,1.5,93.2,5,26.5,Low
EMP1592,30,Male,Bachelor,HR,6,110846,41,18,33,3.2,1.9,76.8,2,40.64,Low
EMP1593,22,Male,Bachelor,Engineering,19,103762,12,16,6,4.4,2.8,67.8,1,56.4,Medium
EMP1594,34,Female,Diploma,Operations,7,41781,97,6,10,2.9,3.1,71.4,7,50.26,Medium
EMP1595,25,Female,Bachelor,Sales,3,35515,84,13,30,2.5,4.1,80.2,0,69.71,Medium
EMP1596,22,Male,Bachelor,Marketing,16,66133,85,4,28,3.0,2.8,81.3,8,40.08,Low
EMP1597,53,Male,Bachelor,HR,18,112508,3,14,12,3.3,4.2,92.2,6,65.76,Medium
EMP1598,55,Female,Bachelor,Finance,16,106946,81,1,30,1.8,3.5,91.7,9,38.0,Low
EMP1599,49,Male,Bachelor,Sales,7,115058,68,5,1,4.6,1.5,83.3,3,39.66,Low
EMP1600,52,Female,Bachelor,Engineering,4,39095,18,8,38,3.7,1.6,91.2,2,29.06,Low
EMP1601,29,Male,Bachelor,HR,8,118583,1,12,14,3.5,2.7,67.7,5,38.19,Low
EMP1602,47,Male,Master,Operations,13,50470,11,2,10,1.4,2.6,62.0,8,11.79,Low
EMP1603,55,Male,Diploma,Operations,13,73129,80,12,33,3.4,4.0,94.9,8,65.05,Medium
EMP1604,24,Male,Bachelor,Engineering,17,38531,73,5,38,1.5,3.3,63.0,3,41.76,Low
EMP1605,33,Female,Bachelor,Engineering,17,67038,97,5,3,1.3,2.6,69.9,9,34.59,Low
EMP1606,22,Male,PhD,Operations,5,117939,5,13,10,3.1,1.7,87.8,4,31.33,Low
EMP1607,26,Male,Bachelor,Marketing,6,72674,7,9,28,2.6,1.9,76.4,8,23.3,Low
EMP1608,51,Female,Bachelor,Marketing,19,112476,50,10,1,3.4,3.3,95.1,1,62.76,Medium
EMP1609,51,Male,PhD,HR,13,59831,10,1,15,1.4,2.7,71.9,1,23.69,Low
EMP1610,38,Male,Bachelor,Finance,14,87174,62,3,38,2.7,3.1,60.5,4,37.31,Low
EMP1611,44,Female,Master,HR,4,41279,56,18,12,1.7,1.7,72.0,0,47.67,Low
EMP1612,36,Male,Master,Finance,7,68220,11,12,36,4.9,3.7,83.1,7,60.25,Medium
EMP1613,42,Female,Bachelor,Engineering,8,90610,72,3,16,3.2,4.4,75.0,4,64.99,Medium
EMP1614,35,Female,Bachelor,Sales,13,82719,1,9,20,3.7,2.0,81.4,9,25.48,Low
EMP1615,23,Female,Master,HR,6,83051,7,2,43,2.3,3.0,95.1,1,33.54,Low
EMP1616,32,Female,Bachelor,HR,6,102013,10,3,18,1.4,4.9,96.5,8,57.09,Medium
EMP1617,55,Male,Bachelor,Finance,3,86652,52,14,6,4.9,2.3,70.6,1,57.39,Medium
EMP1618,55,Female,Master,Engineering,3,95524,99,4,37,2.1,3.4,78.5,6,54.86,Medium
EMP1619,39,Male,Master,Engineering,13,112936,9,19,7,2.7,1.4,82.0,7,30.78,Low
EMP1620,51,Male,Bachelor,Finance,2,36470,84,13,12,3.6,3.4,98.0,5,66.89,Medium
EMP1621,36,Male,PhD,Engineering,16,97598,83,7,36,1.1,1.4,99.9,6,24.48,Low
EMP1622,48,Male,Bachelor,Operations,6,71798,7,12,1,4.2,4.8,69.4,0,73.76,Medium
EMP1623,55,Male,PhD,Marketing,8,83473,35,3,40,3.1,3.9,89.1,3,55.68,Medium
EMP1624,54,Male,Master,Operations,8,49880,92,9,10,2.1,4.2,75.1,6,70.23,Medium
EMP1625,45,Male,Master,Sales,6,74439,75,2,23,1.2,3.8,60.3,0,47.19,Low
EMP1626,36,Male,Bachelor,HR,14,44308,13,9,5,1.6,3.4,60.4,0,47.35,Low
EMP1627,51,Male,Diploma,Sales,3,65081,53,12,25,4.6,2.8,78.4,5,53.8,Medium
EMP1628,38,Male,Bachelor,HR,10,105242,84,12,6,3.7,4.4,79.5,3,87.09,High
EMP1629,26,Female,Master,Marketing,3,80383,85,15,38,2.0,4.8,60.9,2,77.93,High
EMP1630,50,Female,Bachelor,Engineering,12,39837,20,2,18,1.3,3.0,87.5,4,26.14,Low
EMP1631,25,Female,Bachelor,Operations,17,82151,49,18,5,3.8,4.7,71.8,8,80.33,High
EMP1632,31,Male,Bachelor,Finance,5,66824,93,13,42,3.3,3.3,82.4,9,59.02,Medium
EMP1633,38,Female,Diploma,Operations,9,63073,38,14,28,2.6,3.2,72.0,9,43.01,Low
EMP1634,31,Female,Diploma,Marketing,7,56299,19,5,42,2.5,2.8,66.7,9,26.0,Low
EMP1635,38,Female,Bachelor,Sales,4,88861,87,10,38,1.9,1.8,76.3,2,42.27,Low
EMP1636,41,Male,Bachelor,Finance,13,60063,86,12,1,3.7,1.0,69.3,4,33.6,Low
EMP1637,45,Male,Master,Engineering,13,99453,6,10,18,4.9,2.0,81.4,9,34.36,Low
EMP1638,26,Male,Bachelor,Marketing,10,98472,8,11,3,1.7,3.0,68.0,4,37.64,Low
EMP1639,55,Male,Bachelor,Finance,18,44506,0,2,5,3.4,2.5,80.3,8,23.94,Low
EMP1640,27,Female,Master,Marketing,17,109854,25,5,48,2.7,2.8,66.3,9,24.68,Low
EMP1641,23,Female,Master,Marketing,13,56026,37,7,36,2.8,4.9,86.8,3,67.71,Medium
EMP1642,34,Female,Diploma,Engineering,17,57672,37,6,27,2.0,2.4,90.2,0,38.56,Low
EMP1643,32,Female,Bachelor,HR,4,68417,60,3,29,4.3,2.8,64.4,9,33.05,Low
EMP1644,44,Male,Bachelor,Finance,1,82413,43,13,6,2.9,1.5,78.7,4,39.28,Low
EMP1645,37,Male,Master,Engineering,1,95066,85,3,8,3.2,1.2,62.8,0,29.8,Low
EMP1646,52,Male,Master,Marketing,15,89213,43,6,24,2.2,4.1,83.9,5,57.38,Medium
EMP1647,32,Female,Master,Engineering,13,80971,73,11,32,1.7,3.3,70.6,9,45.28,Low
EMP1648,37,Male,Master,HR,17,57281,61,17,0,1.3,4.0,81.1,9,63.13,Medium
EMP1649,29,Male,Bachelor,Operations,8,58091,5,10,5,3.9,1.6,80.7,6,30.98,Low
EMP1650,25,Female,PhD,Finance,18,80494,16,12,17,1.8,3.3,97.0,0,50.29,Medium
EMP1651,25,Female,Bachelor,HR,13,48610,50,17,9,3.8,2.0,82.0,9,46.71,Low
EMP1652,46,Male,Bachelor,Sales,14,31079,37,4,27,2.6,1.9,83.3,3,29.19,Low
EMP1653,24,Male,Master,Finance,8,76751,23,2,10,2.7,1.0,76.1,8,5.4,Low
EMP1654,53,Male,Bachelor,HR,8,116126,50,11,32,2.9,1.5,98.0,0,41.85,Low
EMP1655,24,Male,Bachelor,Marketing,15,85432,9,7,0,2.5,2.2,91.1,8,27.22,Low
EMP1656,48,Male,PhD,Finance,13,60951,71,2,12,1.4,1.5,71.4,7,12.87,Low
EMP1657,50,Male,Bachelor,Finance,7,110863,20,18,36,2.2,4.9,93.8,4,78.12,High
EMP1658,53,Female,Master,Engineering,5,108291,69,4,19,3.7,2.2,77.3,5,37.9,Low
EMP1659,40,Female,Bachelor,Marketing,17,89872,84,8,0,3.7,1.5,93.1,6,49.25,Low
EMP1660,42,Female,Master,Sales,16,37235,56,14,2,2.1,1.8,92.9,3,41.35,Low
EMP1661,26,Male,Bachelor,Operations,2,112733,38,12,17,2.8,3.4,67.6,5,51.43,Medium
EMP1662,39,Female,Bachelor,HR,18,92712,87,18,40,1.8,1.3,88.0,6,37.12,Low
EMP1663,49,Male,Diploma,Engineering,17,51473,32,11,13,1.8,4.4,71.6,5,60.11,Medium
EMP1664,43,Male,Master,HR,7,97567,58,8,30,1.1,4.8,71.9,5,61.87,Medium
EMP1665,42,Female,Bachelor,Sales,13,109823,17,2,26,4.6,2.0,71.9,1,24.34,Low
EMP1666,27,Male,Bachelor,Sales,18,62230,55,15,16,1.8,2.8,89.0,4,55.1,Medium
EMP1667,22,Male,PhD,Finance,14,114573,91,9,45,1.9,1.1,69.2,2,25.53,Low
EMP1668,26,Female,Master,Sales,18,98876,56,19,28,2.1,3.6,60.0,6,65.26,Medium
EMP1669,33,Female,Master,HR,13,70644,95,8,35,1.5,2.7,88.6,3,46.58,Low
EMP1670,47,Female,Master,Marketing,11,78664,75,19,36,3.6,2.1,66.8,0,62.24,Medium
EMP1671,55,Male,Bachelor,Marketing,16,75203,47,5,25,1.3,1.8,64.2,5,19.38,Low
EMP1672,35,Female,Bachelor,Finance,17,96677,41,11,16,1.5,3.6,69.5,5,54.45,Medium
EMP1673,47,Female,Master,Operations,8,55425,26,15,21,3.6,2.7,75.2,6,47.78,Low
EMP1674,48,Male,Bachelor,HR,19,114817,73,8,24,2.4,1.7,79.0,7,28.0,Low
EMP1675,30,Female,Bachelor,HR,15,115961,51,19,1,3.8,3.8,61.8,2,74.66,Medium
EMP1676,47,Female,Diploma,Sales,9,99806,41,8,21,3.2,3.3,98.8,5,48.77,Low
EMP1677,43,Female,Master,HR,10,72814,31,19,4,2.0,4.4,88.6,9,71.31,Medium
EMP1678,51,Male,Master,Engineering,12,100219,25,18,3,3.6,1.5,72.9,1,42.98,Low
EMP1679,38,Male,Master,Operations,1,79646,24,10,35,1.5,4.1,72.7,8,47.78,Low
EMP1680,47,Male,Master,Sales,9,69884,74,7,5,3.1,3.7,77.9,1,68.91,Medium
EMP1681,57,Male,Bachelor,Engineering,15,99322,22,9,20,2.7,1.5,85.0,2,26.39,Low
EMP1682,22,Female,Bachelor,Finance,1,51650,97,1,12,2.1,3.8,65.9,9,42.9,Low
EMP1683,29,Male,Bachelor,Marketing,12,39190,56,19,36,3.4,2.8,67.6,1,71.36,Medium
EMP1684,56,Male,Bachelor,Finance,3,68196,51,5,24,4.5,4.8,94.4,8,68.06,Medium
EMP1685,36,Female,Master,Marketing,11,69449,86,19,25,5.0,1.6,70.3,0,61.66,Medium
EMP1686,43,Female,Bachelor,Finance,2,69661,92,1,38,3.4,3.6,75.2,4,47.97,Low
EMP1687,35,Female,Bachelor,HR,16,59709,30,15,19,2.6,2.5,94.9,0,52.93,Medium
EMP1688,47,Male,Bachelor,Engineering,9,110428,63,16,32,1.9,4.8,86.5,4,76.97,High
EMP1689,49,Male,Bachelor,Marketing,15,105179,70,7,13,2.0,2.3,73.7,7,26.42,Low
EMP1690,44,Male,Bachelor,Sales,12,39943,32,12,35,2.9,4.8,87.3,7,67.75,Medium
EMP1691,35,Female,Bachelor,Engineering,1,73240,84,8,16,2.5,4.6,60.8,7,66.87,Medium
EMP1692,45,Female,Bachelor,Sales,13,75760,1,5,20,4.7,2.1,89.4,1,32.81,Low
EMP1693,23,Male,Bachelor,Engineering,14,51042,17,10,45,2.5,4.2,79.5,7,52.47,Medium
EMP1694,47,Female,Bachelor,Engineering,8,73894,46,5,15,2.5,5.0,92.5,4,69.22,Medium
EMP1695,35,Female,Master,Finance,8,36869,32,17,45,2.5,2.0,98.2,0,45.99,Low
EMP1696,28,Female,Bachelor,Marketing,12,91078,97,5,15,4.3,2.7,97.0,6,55.87,Medium
EMP1697,24,Male,Bachelor,Marketing,1,86759,83,15,19,3.6,3.1,96.4,5,68.36,Medium
EMP1698,44,Female,Master,Engineering,11,74306,34,13,28,3.5,2.2,80.5,4,41.25,Low
EMP1699,39,Female,Bachelor,HR,8,85371,50,1,27,2.3,1.1,74.4,0,11.94,Low
EMP1700,56,Male,PhD,HR,10,50918,17,11,7,4.3,1.9,78.6,0,42.74,Low
EMP1701,36,Male,Master,Sales,19,58379,87,1,23,1.2,2.1,87.6,5,28.29,Low
EMP1702,46,Female,Bachelor,Sales,11,113232,71,11,2,4.5,2.8,95.4,9,57.22,Medium
EMP1703,49,Female,Master,Finance,7,32962,29,18,24,3.1,1.7,68.3,6,37.5,Low
EMP1704,31,Male,Bachelor,Engineering,11,43851,43,18,18,2.6,4.5,96.7,9,76.27,High
EMP1705,38,Male,Master,Sales,17,75747,52,16,32,3.0,3.8,92.6,9,62.46,Medium
EMP1706,43,Female,Bachelor,Sales,1,82349,9,13,1,3.7,1.3,99.2,0,41.01,Low
EMP1707,47,Female,PhD,Operations,8,100832,86,7,14,1.1,3.6,95.2,8,51.17,Medium
EMP1708,46,Female,Bachelor,Engineering,6,86356,51,1,21,4.5,3.6,71.2,3,47.5,Low
EMP1709,38,Female,Master,Finance,18,44745,48,16,9,2.8,4.8,64.2,4,80.26,High
EMP1710,34,Male,Master,Sales,6,35730,10,1,17,2.4,1.0,64.5,1,10.2,Low
EMP1711,41,Female,Bachelor,Finance,5,43921,65,17,21,1.6,2.0,71.6,9,36.83,Low
EMP1712,46,Female,Bachelor,Marketing,13,101138,57,6,45,2.8,4.7,84.6,7,63.75,Medium
EMP1713,25,Male,Master,Finance,19,113111,89,2,48,3.0,4.7,92.2,1,67.07,Medium
EMP1714,31,Female,PhD,HR,8,49023,35,17,26,2.6,3.9,96.0,2,67.8,Medium
EMP1715,24,Male,Bachelor,HR,9,75349,32,6,12,3.7,4.1,85.0,8,59.85,Medium
EMP1716,39,Female,Master,Finance,17,111533,46,14,32,2.7,1.4,60.2,1,32.35,Low
EMP1717,57,Female,Diploma,HR,3,113286,12,18,4,4.8,3.1,67.5,5,62.69,Medium
EMP1718,43,Male,PhD,Marketing,19,71979,39,6,25,3.4,1.9,64.0,3,31.43,Low
EMP1719,55,Male,Bachelor,Engineering,11,52837,88,10,12,4.2,1.7,74.5,6,36.52,Low
EMP1720,29,Female,Master,HR,17,44997,67,18,26,1.4,4.2,80.1,5,68.43,Medium
EMP1721,40,Female,Bachelor,HR,19,118603,41,9,13,2.6,1.5,61.7,9,20.86,Low
EMP1722,27,Female,Diploma,Finance,2,75039,18,8,23,2.3,2.9,73.9,8,27.74,Low
EMP1723,47,Male,Bachelor,Marketing,8,50923,81,10,2,3.3,4.8,67.2,8,72.74,Medium
EMP1724,55,Female,Bachelor,Engineering,19,38876,93,17,46,4.4,1.7,85.9,9,53.06,Medium
EMP1725,27,Male,Master,Finance,7,90973,18,6,48,1.3,4.9,78.6,3,53.42,Medium
EMP1726,54,Male,Bachelor,Finance,17,32887,57,14,29,1.3,5.0,79.8,0,81.58,High
EMP1727,43,Female,Diploma,Operations,6,93723,22,6,34,4.4,3.2,77.1,1,47.5,Low
EMP1728,42,Male,Diploma,Marketing,19,72422,53,7,47,1.9,1.7,98.2,7,22.42,Low
EMP1729,27,Female,Master,Engineering,6,81413,79,12,13,3.7,2.3,68.6,9,40.6,Low
EMP1730,27,Female,Bachelor,Marketing,2,32841,64,3,11,3.2,2.7,80.7,7,40.29,Low
EMP1731,25,Female,Master,Engineering,6,58756,11,14,27,4.3,2.2,89.4,1,50.47,Medium
EMP1732,51,Female,Bachelor,Marketing,5,101576,23,19,43,1.5,2.1,82.3,3,37.05,Low
EMP1733,32,Female,Bachelor,Finance,19,40304,33,16,28,1.5,4.9,97.2,0,80.33,High
EMP1734,51,Male,PhD,Finance,4,60341,52,7,42,3.2,1.6,75.1,6,19.62,Low
EMP1735,52,Male,Bachelor,Sales,17,34758,7,8,16,4.8,3.9,78.5,3,55.89,Medium
EMP1736,45,Female,Bachelor,HR,11,47010,17,18,39,2.7,1.0,63.5,7,20.84,Low
EMP1737,30,Female,Diploma,Operations,4,90758,56,13,48,2.3,3.4,84.4,8,54.09,Medium
EMP1738,24,Male,Bachelor,Marketing,13,61658,4,9,20,3.4,4.7,71.5,8,59.58,Medium
EMP1739,52,Male,Bachelor,Operations,17,79002,25,10,22,4.7,2.2,66.4,2,33.66,Low
EMP1740,57,Male,Diploma,Sales,9,31375,29,9,19,4.3,1.7,81.8,4,31.95,Low
EMP1741,45,Male,Bachelor,HR,4,52092,53,15,10,5.0,3.6,81.3,5,68.74,Medium
EMP1742,52,Female,Master,Marketing,14,30490,12,2,33,1.1,3.9,63.0,5,31.76,Low
EMP1743,27,Female,Diploma,Engineering,19,33729,82,13,9,1.5,3.8,87.9,9,63.48,Medium
EMP1744,23,Male,Diploma,HR,3,35974,28,2,9,3.4,2.3,85.0,7,31.49,Low
EMP1745,41,Female,Master,Finance,14,115216,2,19,42,4.3,2.0,67.6,5,39.08,Low
EMP1746,49,Male,Bachelor,Sales,8,113860,89,2,5,2.1,4.8,78.8,5,72.83,Medium
EMP1747,32,Female,Bachelor,HR,1,51398,57,3,35,2.0,4.7,88.8,3,59.77,Medium
EMP1748,25,Male,PhD,HR,10,64650,75,6,23,4.1,2.8,81.2,6,44.58,Low
EMP1749,36,Female,PhD,Finance,18,51292,1,3,11,1.2,4.4,75.8,7,46.44,Low
EMP1750,27,Male,Master,Marketing,16,33159,74,10,42,2.5,2.8,72.9,2,50.05,Medium
EMP1751,51,Male,Bachelor,Engineering,8,92766,27,6,22,3.0,2.7,84.4,6,33.62,Low
EMP1752,23,Female,Bachelor,Finance,1,47065,81,16,26,3.2,1.6,97.6,2,52.72,Medium
EMP1753,36,Male,Bachelor,Engineering,12,51638,76,17,44,3.9,2.7,86.9,7,61.36,Medium
EMP1754,32,Female,Master,Marketing,8,31073,85,19,36,2.4,3.1,63.0,0,66.75,Medium
EMP1755,29,Female,Bachelor,HR,16,76511,75,3,5,3.5,1.1,78.4,0,27.04,Low
EMP1756,47,Male,Diploma,Engineering,18,114307,1,18,0,3.3,2.8,95.6,5,52.85,Medium
EMP1757,26,Female,Master,Sales,4,59320,6,7,5,3.2,4.1,63.8,9,47.88,Low
EMP1758,27,Female,Bachelor,Sales,6,99876,25,9,49,3.6,3.7,99.6,8,52.09,Medium
EMP1759,47,Female,Master,Finance,12,64924,89,12,21,2.0,3.5,98.0,3,71.59,Medium
EMP1760,25,Female,Bachelor,Marketing,9,111720,87,5,40,1.3,4.6,63.1,5,58.45,Medium
EMP1761,40,Female,Master,Finance,15,70734,75,3,23,1.5,1.1,97.3,4,17.5,Low
EMP1762,41,Male,Master,Finance,16,98116,15,11,24,1.9,3.2,74.5,0,54.53,Medium
EMP1763,54,Female,PhD,Operations,12,70025,22,4,14,3.0,4.1,93.8,5,54.45,Medium
EMP1764,41,Female,PhD,Finance,14,32159,39,5,25,4.4,3.2,76.7,8,46.61,Low
EMP1765,33,Female,Bachelor,Operations,13,78940,59,1,7,3.8,2.3,77.6,2,39.23,Low
EMP1766,22,Female,Bachelor,Sales,2,109436,72,18,23,4.2,1.5,85.4,2,52.71,Medium
EMP1767,47,Female,Master,Sales,3,106976,31,12,47,2.4,4.6,91.0,1,68.5,Medium
EMP1768,35,Male,Bachelor,Finance,10,44678,14,13,37,2.6,2.9,61.4,3,31.34,Low
EMP1769,32,Female,Bachelor,Sales,9,91075,12,9,5,2.6,4.5,83.7,9,54.19,Medium
EMP1770,57,Male,Bachelor,Marketing,8,77204,4,2,34,1.8,3.3,67.5,2,30.46,Low
EMP1771,34,Male,Master,Operations,10,42021,74,5,41,1.2,3.7,73.8,1,42.29,Low
EMP1772,24,Male,Bachelor,Operations,19,36772,73,13,0,3.4,4.2,73.9,0,80.41,High
EMP1773,54,Male,Master,Finance,3,97163,51,16,45,5.0,3.6,78.8,2,72.72,Medium
EMP1774,27,Female,Diploma,Sales,5,103755,76,16,35,1.7,2.6,73.4,9,48.57,Low
EMP1775,31,Male,Bachelor,Engineering,3,53464,40,3,11,1.2,3.1,64.3,5,34.43,Low
EMP1776,26,Male,Bachelor,Operations,16,81137,52,4,37,4.1,4.2,65.8,8,56.3,Medium
EMP1777,44,Female,Bachelor,Finance,17,60232,49,11,10,2.0,2.5,61.3,4,44.86,Low
EMP1778,31,Female,PhD,Finance,15,91497,14,14,11,4.3,2.6,78.8,2,54.02,Medium
EMP1779,23,Female,Bachelor,Marketing,3,104024,6,3,41,3.8,1.4,98.2,4,17.04,Low
EMP1780,34,Male,Bachelor,HR,12,81448,39,16,49,4.8,4.7,64.6,4,76.1,High
EMP1781,23,Female,Bachelor,HR,9,114517,27,15,38,2.6,1.4,97.9,4,32.44,Low
EMP1782,41,Female,Master,Operations,12,30901,31,10,6,3.6,3.6,89.3,6,57.1,Medium
EMP1783,22,Male,Bachelor,Marketing,15,117980,98,9,10,2.9,2.7,85.5,4,60.02,Medium
EMP1784,30,Female,Master,Marketing,2,113597,14,11,35,3.5,2.6,85.8,6,40.56,Low
EMP1785,38,Female,Diploma,Marketing,18,32881,99,16,30,2.8,3.7,93.1,8,71.76,Medium
EMP1786,30,Female,Bachelor,Operations,12,59863,84,10,32,1.8,1.3,64.3,4,31.35,Low
EMP1787,32,Female,PhD,HR,4,35622,69,17,12,3.0,3.4,80.2,1,70.92,Medium
EMP1788,36,Male,Bachelor,Marketing,16,31378,64,19,17,3.1,4.1,87.9,4,77.57,High
EMP1789,45,Female,PhD,Sales,16,113168,3,2,40,4.2,4.3,83.5,7,46.93,Low
EMP1790,56,Female,Master,Finance,1,101186,10,2,23,3.9,1.7,93.3,3,19.71,Low
EMP1791,51,Male,PhD,Finance,2,75201,25,6,8,3.7,4.6,62.9,1,67.17,Medium
EMP1792,52,Female,Bachelor,Engineering,3,89251,60,19,30,1.5,3.6,87.6,9,59.34,Medium
EMP1793,26,Male,Bachelor,Engineering,17,102572,36,8,40,3.9,4.5,81.4,2,66.34,Medium
EMP1794,35,Female,Bachelor,Operations,1,69255,22,3,9,3.0,2.9,75.2,8,34.73,Low
EMP1795,32,Male,Bachelor,Operations,6,93212,92,14,1,4.6,3.2,73.6,8,66.2,Medium
EMP1796,30,Male,Bachelor,Finance,15,80210,84,16,37,4.7,4.7,84.8,7,88.53,High
EMP1797,55,Male,Bachelor,Sales,14,52499,90,1,14,1.2,4.6,95.6,7,59.0,Medium
EMP1798,33,Male,Bachelor,HR,15,81628,39,3,2,4.3,2.8,79.8,7,41.29,Low
EMP1799,56,Female,Bachelor,HR,14,91360,76,18,42,1.2,2.1,93.0,7,47.08,Low
EMP1800,56,Male,PhD,Operations,5,34603,22,9,30,2.5,2.6,76.1,7,32.3,Low
EMP1801,22,Female,Bachelor,Sales,6,115473,15,6,5,3.2,2.6,64.1,0,37.15,Low
EMP1802,43,Male,Bachelor,Operations,17,42632,93,1,2,1.6,2.1,62.5,5,30.88,Low
EMP1803,50,Male,Bachelor,HR,11,60607,60,10,10,4.0,2.1,62.1,8,37.36,Low
EMP1804,29,Male,Bachelor,Operations,16,95756,67,6,14,1.0,4.4,75.2,7,59.82,Medium
EMP1805,32,Female,Diploma,Marketing,12,76994,79,12,44,1.7,1.3,73.5,2,34.88,Low
EMP1806,35,Male,Bachelor,Operations,15,93382,30,4,27,3.3,3.7,88.7,0,50.52,Medium
EMP1807,51,Female,Master,Finance,4,100354,52,13,9,3.9,1.7,89.7,1,52.71,Medium
EMP1808,56,Female,Diploma,Operations,18,86344,24,17,37,4.7,2.4,62.0,1,48.5,Low
EMP1809,42,Female,PhD,Finance,3,83775,43,8,46,3.8,1.2,68.8,6,25.42,Low
EMP1810,26,Female,Master,Sales,8,37349,11,3,49,3.7,2.1,71.0,5,17.87,Low
EMP1811,40,Female,PhD,HR,3,101154,89,12,49,2.6,4.1,81.9,1,74.77,Medium
EMP1812,35,Female,Diploma,Engineering,8,57464,96,7,6,1.0,4.5,65.8,7,66.47,Medium
EMP1813,47,Female,Master,Engineering,18,72624,91,12,14,1.5,1.9,65.4,8,35.12,Low
EMP1814,25,Female,Master,HR,10,67344,8,2,17,3.1,2.9,97.8,6,33.56,Low
EMP1815,46,Female,Master,Engineering,17,113791,11,14,17,3.7,2.9,92.2,3,57.26,Medium
EMP1816,46,Male,Master,Operations,8,54299,68,5,40,2.7,4.5,67.2,0,63.38,Medium
EMP1817,39,Male,Master,Sales,11,77975,53,9,23,3.9,4.1,76.3,3,65.05,Medium
EMP1818,29,Male,Bachelor,Sales,5,31462,53,11,1,3.1,3.1,74.2,3,52.48,Medium
EMP1819,35,Male,Bachelor,HR,13,111441,27,5,39,1.3,3.7,91.6,7,45.18,Low
EMP1820,53,Male,Bachelor,Engineering,5,111788,55,3,19,1.8,4.4,80.4,3,56.1,Medium
EMP1821,54,Female,Bachelor,Operations,13,70581,98,17,33,4.4,1.0,65.1,3,47.84,Low
EMP1822,44,Female,Bachelor,Sales,6,101289,68,2,42,3.9,2.6,89.6,1,41.55,Low
EMP1823,36,Female,Bachelor,Sales,5,44175,97,1,25,4.6,4.6,75.9,9,70.8,Medium
EMP1824,54,Female,Master,Marketing,9,36191,97,7,6,1.5,4.0,70.5,6,64.09,Medium
EMP1825,46,Female,Bachelor,Marketing,16,113434,76,14,37,5.0,3.2,75.0,3,66.41,Medium
EMP1826,38,Female,PhD,Sales,2,114518,57,5,29,1.8,3.1,79.9,5,38.54,Low
EMP1827,54,Female,Bachelor,HR,1,110158,77,19,41,1.0,2.4,73.7,2,49.05,Low
EMP1828,23,Male,Bachelor,Finance,8,96537,74,11,4,5.0,3.1,69.7,6,59.93,Medium
EMP1829,35,Male,Master,Finance,19,77645,41,2,10,2.1,3.6,75.9,5,46.3,Low
EMP1830,27,Male,Master,Operations,11,53283,37,8,0,3.7,2.7,60.8,2,45.19,Low
EMP1831,27,Male,Bachelor,Sales,12,116971,67,9,33,1.7,3.9,90.9,3,57.54,Medium
EMP1832,24,Female,PhD,Sales,12,89123,52,3,0,3.3,4.4,66.8,9,55.13,Medium
EMP1833,28,Female,PhD,Sales,7,60024,32,2,18,4.6,1.6,61.8,4,20.73,Low
EMP1834,29,Female,Bachelor,HR,13,79630,70,7,1,2.3,2.8,86.1,8,38.75,Low
EMP1835,36,Male,Bachelor,Marketing,8,60734,55,5,20,3.7,2.6,91.0,5,42.78,Low
EMP1836,50,Female,Diploma,Sales,9,30515,71,5,19,1.8,3.7,92.6,3,58.92,Medium
EMP1837,54,Female,Master,Sales,7,96727,50,13,22,3.5,2.0,79.7,6,40.57,Low
EMP1838,51,Female,Master,Engineering,15,76216,73,6,20,2.3,3.6,68.2,1,56.55,Medium
EMP1839,48,Male,PhD,HR,2,101833,42,18,23,1.8,4.5,89.5,3,78.1,High
EMP1840,57,Female,Bachelor,Operations,12,88755,14,2,3,2.3,2.7,88.0,4,30.14,Low
EMP1841,50,Male,Bachelor,Sales,1,57856,37,6,11,1.7,4.6,69.9,3,61.53,Medium
EMP1842,54,Male,Bachelor,Engineering,8,103870,14,9,21,4.6,5.0,96.1,3,81.16,High
EMP1843,48,Male,Master,Finance,5,54162,4,3,19,2.6,1.4,64.2,8,0.0,Low
EMP1844,54,Male,Master,Operations,15,36008,92,1,17,2.0,1.9,99.3,1,35.8,Low
EMP1845,25,Female,Master,Sales,1,37987,82,1,0,2.8,4.8,94.4,5,78.92,High
EMP1846,43,Male,Bachelor,Sales,1,92532,53,19,29,2.3,4.8,87.5,7,80.89,High
EMP1847,23,Male,Bachelor,Engineering,10,33332,50,5,32,4.0,1.4,97.5,7,25.96,Low
EMP1848,31,Female,Bachelor,HR,10,96323,9,13,23,4.9,1.1,88.9,6,27.1,Low
EMP1849,26,Female,Master,Sales,15,68990,11,19,13,2.8,1.6,67.6,9,33.97,Low
EMP1850,31,Male,Master,Finance,17,39873,3,12,35,4.4,5.0,77.7,3,69.41,Medium
EMP1851,54,Female,Bachelor,Sales,6,112542,94,16,4,3.3,1.7,62.9,6,50.72,Medium
EMP1852,34,Male,PhD,Finance,3,115761,17,19,10,1.6,3.0,75.6,9,45.99,Low
EMP1853,52,Male,Bachelor,Operations,13,66444,79,3,23,3.8,4.4,89.7,5,65.47,Medium
EMP1854,57,Male,Diploma,Operations,16,65340,35,12,30,3.1,1.1,75.5,5,22.69,Low
EMP1855,45,Male,Bachelor,Marketing,8,35033,24,5,12,3.6,3.4,73.2,1,48.59,Low
EMP1856,36,Female,Master,Marketing,15,103324,86,2,15,4.6,2.1,83.8,7,37.81,Low
EMP1857,50,Male,Bachelor,Finance,17,45689,75,7,23,2.8,4.4,94.9,7,71.57,Medium
EMP1858,29,Female,Diploma,HR,17,117134,97,13,12,4.6,2.1,61.9,6,50.19,Medium
EMP1859,26,Female,Bachelor,Sales,13,30066,35,15,23,4.0,3.7,75.4,8,61.34,Medium
EMP1860,50,Female,Bachelor,Sales,17,75246,66,3,25,3.0,3.7,66.3,7,49.13,Low
EMP1861,25,Female,Bachelor,Marketing,6,37533,8,5,1,3.4,1.9,87.8,8,24.08,Low
EMP1862,33,Male,Bachelor,Finance,17,110639,60,8,15,2.3,1.1,64.2,8,19.93,Low
EMP1863,23,Female,Bachelor,Sales,16,100152,52,1,37,4.9,2.6,86.6,5,37.22,Low
EMP1864,48,Male,Diploma,Sales,14,89658,17,8,45,3.7,2.2,71.4,1,33.83,Low
EMP1865,52,Female,Bachelor,HR,13,68498,42,18,0,1.2,4.2,68.0,6,68.94,Medium
EMP1866,57,Female,Master,Engineering,6,41772,34,16,48,2.3,4.2,97.5,2,72.68,Medium
EMP1867,57,Male,Master,Marketing,3,119385,62,18,10,3.5,2.8,60.7,6,51.66,Medium
EMP1868,47,Male,Master,Marketing,14,79036,97,12,34,1.2,3.4,77.5,8,56.84,Medium
EMP1869,48,Male,Bachelor,Engineering,14,88531,77,13,42,1.1,3.4,60.9,9,50.14,Medium
EMP1870,26,Female,Bachelor,Sales,15,42940,3,13,28,2.8,4.3,79.3,9,53.96,Medium
EMP1871,41,Female,Master,HR,8,46932,92,10,36,2.3,2.7,80.0,1,51.52,Medium
EMP1872,32,Male,Diploma,HR,15,86827,40,7,16,2.8,2.1,72.9,5,28.8,Low
EMP1873,31,Male,Bachelor,Marketing,13,91431,44,14,38,2.1,2.1,65.3,5,30.92,Low
EMP1874,27,Male,Bachelor,HR,17,54648,49,16,41,1.7,3.1,75.1,8,49.75,Low
EMP1875,29,Male,Bachelor,Operations,3,62966,78,15,27,3.8,2.8,86.9,8,65.92,Medium
EMP1876,44,Female,Diploma,Engineering,6,57777,27,12,28,3.1,2.8,91.3,4,45.8,Low
EMP1877,47,Male,Bachelor,Sales,5,62567,41,9,42,1.8,1.4,81.2,4,19.5,Low
EMP1878,33,Male,Bachelor,Operations,17,47174,79,8,2,2.3,3.9,83.6,8,61.8,Medium
EMP1879,47,Male,PhD,Engineering,2,72598,75,18,9,3.4,1.9,68.0,7,43.9,Low
EMP1880,34,Male,Bachelor,Finance,15,89199,68,18,41,1.3,1.8,71.5,6,35.11,Low
EMP1881,39,Female,Bachelor,Marketing,5,43798,97,13,13,1.6,2.7,66.5,7,50.26,Medium
EMP1882,46,Male,Master,HR,6,95364,0,18,11,1.3,1.9,70.0,5,27.32,Low
EMP1883,54,Female,Diploma,Finance,6,47558,38,15,46,4.2,3.3,69.0,2,62.39,Medium
EMP1884,33,Male,Bachelor,HR,18,91084,95,4,41,4.0,2.5,80.8,6,39.78,Low
EMP1885,57,Male,Bachelor,Operations,18,74237,89,17,29,4.0,2.8,82.5,7,66.66,Medium
EMP1886,25,Female,Bachelor,Sales,4,95497,16,5,31,3.9,3.1,97.8,7,45.6,Low
EMP1887,26,Male,Bachelor,Sales,17,30178,90,16,31,3.7,1.8,67.8,0,53.97,Medium
EMP1888,29,Female,Master,Sales,14,116006,87,9,41,2.9,1.6,85.7,6,34.33,Low
EMP1889,49,Female,Bachelor,HR,14,47118,34,10,31,3.6,4.5,92.7,2,71.96,Medium
EMP1890,52,Male,Bachelor,Finance,13,52616,45,18,25,1.2,2.7,82.4,1,51.43,Medium
EMP1891,30,Female,Bachelor,Sales,7,30798,41,17,0,3.5,2.6,70.2,1,51.21,Medium
EMP1892,50,Female,Master,Finance,12,37601,38,18,41,4.1,1.1,70.5,7,27.4,Low
EMP1893,35,Female,Master,HR,15,55363,89,7,1,3.0,3.0,61.6,8,49.16,Low
EMP1894,43,Female,PhD,Operations,19,32795,48,4,16,2.4,3.2,72.2,2,41.1,Low
EMP1895,32,Female,Bachelor,Finance,11,75264,61,5,29,2.1,3.2,89.8,2,47.23,Low
EMP1896,44,Female,PhD,Operations,15,102833,37,16,38,3.6,3.8,61.9,5,62.44,Medium
EMP1897,22,Female,PhD,HR,12,33084,22,3,6,3.8,1.7,68.8,9,17.81,Low
EMP1898,42,Female,Bachelor,HR,3,106646,21,18,26,4.5,2.0,88.2,0,55.11,Medium
EMP1899,47,Male,Bachelor,Marketing,17,30731,3,14,8,2.4,4.2,91.3,5,63.51,Medium
EMP1900,57,Male,Bachelor,HR,3,31129,48,15,21,4.1,4.8,78.2,2,85.14,High
EMP1901,44,Female,Bachelor,HR,19,58022,58,17,33,3.2,1.5,87.9,3,41.07,Low
EMP1902,22,Male,Bachelor,Engineering,4,31605,72,1,45,4.5,3.0,75.5,8,36.01,Low
EMP1903,36,Female,Bachelor,Sales,3,107506,67,17,48,3.1,1.9,66.4,2,43.44,Low
EMP1904,42,Female,Bachelor,Marketing,16,74130,70,11,0,3.1,1.2,75.9,0,36.35,Low
EMP1905,30,Male,PhD,Marketing,12,59265,86,17,8,3.3,2.3,83.2,2,61.72,Medium
EMP1906,30,Female,Bachelor,Marketing,8,62330,1,14,19,4.0,1.6,97.9,6,29.98,Low
EMP1907,31,Female,PhD,Engineering,17,98469,48,19,18,4.9,3.8,62.8,6,75.31,High
EMP1908,47,Female,Master,Operations,7,45187,87,7,35,1.3,3.1,80.3,4,45.44,Low
EMP1909,56,Female,PhD,HR,11,55791,94,13,39,1.2,1.6,73.2,0,38.19,Low
EMP1910,46,Male,Master,Sales,18,100610,30,18,44,4.8,1.0,80.3,7,31.34,Low
EMP1911,47,Female,Bachelor,Finance,1,69867,39,14,3,3.1,4.2,61.0,9,66.26,Medium
EMP1912,32,Female,Master,Operations,3,30893,47,1,8,3.5,1.7,72.5,7,26.51,Low
EMP1913,23,Female,Bachelor,HR,4,49773,50,7,40,2.9,3.4,92.8,9,52.35,Medium
EMP1914,28,Male,Bachelor,Engineering,13,34239,42,8,21,1.4,2.3,82.2,9,24.05,Low
EMP1915,39,Female,Diploma,HR,6,50863,97,18,17,4.1,3.3,78.0,9,70.82,Medium
EMP1916,48,Male,Bachelor,HR,14,81415,54,9,11,4.0,2.3,71.4,1,44.85,Low
EMP1917,55,Male,Bachelor,Engineering,5,98968,87,1,41,2.2,1.3,71.9,9,14.38,Low
EMP1918,48,Female,Master,Marketing,16,90430,48,17,42,2.2,1.9,75.3,2,41.72,Low
EMP1919,38,Female,PhD,Marketing,15,31515,89,19,38,4.4,1.8,93.4,3,57.86,Medium
EMP1920,45,Male,Master,Sales,15,44605,79,6,8,1.3,2.7,98.7,0,48.51,Low
EMP1921,46,Female,Bachelor,Sales,4,86240,56,3,5,4.5,3.6,77.5,3,54.3,Medium
EMP1922,28,Male,Master,Marketing,8,35586,76,5,18,2.0,2.1,75.7,4,25.63,Low
EMP1923,27,Male,Bachelor,Operations,16,61186,14,2,47,3.4,1.0,93.9,2,6.59,Low
EMP1924,45,Female,Master,Finance,16,56928,26,4,46,4.7,3.1,77.1,9,39.15,Low
EMP1925,54,Female,Diploma,HR,4,113087,67,10,6,3.7,3.4,82.1,1,70.58,Medium
EMP1926,50,Male,Master,Finance,13,117029,79,10,15,2.7,4.9,69.2,5,80.89,High
EMP1927,43,Male,PhD,HR,13,50711,63,11,4,3.8,3.4,89.7,7,65.65,Medium
EMP1928,47,Male,Bachelor,Marketing,2,84962,93,16,15,2.4,2.9,81.3,6,58.82,Medium
EMP1929,49,Male,Master,Sales,3,50039,29,17,0,2.1,3.3,92.4,0,61.21,Medium
EMP1930,42,Female,PhD,Operations,8,66561,35,16,36,5.0,4.7,91.2,3,78.31,High
EMP1931,28,Female,Bachelor,Sales,15,105483,66,7,38,4.0,4.3,68.6,2,64.9,Medium
EMP1932,38,Female,PhD,Finance,11,111395,85,16,18,3.6,2.3,88.6,5,58.94,Medium
EMP1933,41,Female,Bachelor,Sales,9,118658,85,3,36,2.4,1.9,92.0,8,25.77,Low
EMP1934,41,Female,Master,Marketing,7,31577,48,16,16,1.2,2.1,73.8,8,37.53,Low
EMP1935,43,Male,PhD,Operations,13,58350,75,8,25,1.1,3.0,66.9,6,43.73,Low
EMP1936,49,Female,Master,Finance,2,63798,54,12,21,3.2,4.0,60.1,8,57.83,Medium
EMP1937,28,Female,Bachelor,Operations,8,111417,84,3,7,4.0,3.0,78.0,7,45.42,Low
EMP1938,22,Female,Master,HR,7,40785,55,17,32,3.1,1.3,74.1,4,40.83,Low
EMP1939,53,Female,Master,Sales,12,102227,67,18,1,4.4,3.9,82.2,8,78.71,High
EMP1940,34,Female,Diploma,Operations,19,91957,94,11,29,1.1,4.2,67.5,6,69.95,Medium
EMP1941,51,Male,Bachelor,Engineering,7,95431,43,4,46,2.5,2.2,94.4,4,29.63,Low
EMP1942,44,Male,Bachelor,Sales,10,47297,30,16,19,1.9,3.7,70.3,7,55.58,Medium
EMP1943,40,Male,Master,HR,16,101894,57,17,17,2.8,2.7,69.1,6,49.59,Low
EMP1944,53,Female,Bachelor,Operations,3,93772,86,9,42,1.3,4.6,79.2,8,62.8,Medium
EMP1945,51,Male,Master,Finance,10,49581,52,6,9,4.8,4.4,80.0,9,60.89,Medium
EMP1946,50,Male,Master,HR,6,85192,83,2,23,1.9,3.1,68.6,0,41.42,Low
EMP1947,50,Female,PhD,Engineering,18,31462,78,9,3,4.7,3.8,70.9,8,68.95,Medium
EMP1948,51,Female,Master,Operations,18,94173,22,6,36,2.7,4.5,66.8,6,50.8,Medium
EMP1949,37,Female,Master,Marketing,5,45511,27,3,3,4.9,3.0,88.7,0,49.52,Low
EMP1950,40,Male,Bachelor,Sales,7,106106,15,6,12,3.2,2.3,90.8,0,35.09,Low
EMP1951,39,Male,Bachelor,Finance,2,78665,36,7,24,4.7,4.0,78.5,4,60.01,Medium
EMP1952,22,Female,Bachelor,Marketing,11,74414,20,1,12,1.0,1.9,88.6,7,16.6,Low
EMP1953,35,Female,Bachelor,Operations,13,111010,78,1,17,4.0,2.6,89.4,8,41.34,Low
EMP1954,23,Male,Master,Operations,5,102573,16,5,23,4.6,4.5,65.5,5,53.91,Medium
EMP1955,49,Male,Master,HR,6,43386,36,6,1,1.6,3.9,98.6,9,54.15,Medium
EMP1956,51,Female,Master,Operations,14,84460,76,13,47,1.4,2.6,92.8,7,50.7,Medium
EMP1957,25,Female,PhD,Finance,12,36221,18,2,32,2.7,1.9,68.2,5,16.34,Low
EMP1958,22,Male,Diploma,Marketing,4,53474,29,15,18,4.7,2.4,67.4,5,50.33,Medium
EMP1959,29,Female,PhD,Finance,6,51045,44,15,8,3.2,2.1,65.0,3,48.39,Low
EMP1960,50,Male,Master,Engineering,10,34922,17,13,27,3.1,1.7,65.5,4,23.05,Low
EMP1961,24,Male,Master,Engineering,18,52706,77,14,34,1.6,4.0,89.9,1,77.67,High
EMP1962,53,Male,Bachelor,Sales,15,72771,61,7,38,1.0,2.0,78.8,2,32.69,Low
EMP1963,31,Male,Bachelor,Sales,8,82335,35,14,9,4.2,2.8,91.3,2,60.91,Medium
EMP1964,31,Female,Bachelor,Engineering,9,82949,99,10,0,1.4,2.5,89.9,4,52.39,Medium
EMP1965,40,Female,Diploma,Operations,5,100714,83,17,41,3.5,4.9,84.2,4,85.04,High
EMP1966,55,Male,PhD,Finance,10,45240,51,14,20,4.7,2.6,87.5,5,55.45,Medium
EMP1967,54,Male,Bachelor,Engineering,6,32716,18,8,8,1.8,1.3,60.7,4,15.91,Low
EMP1968,44,Male,Bachelor,Sales,16,46574,43,4,46,3.7,1.4,72.5,5,14.45,Low
EMP1969,49,Male,PhD,Engineering,3,113255,6,16,14,1.3,3.4,85.5,7,48.13,Low
EMP1970,53,Male,Bachelor,Operations,10,103717,43,13,34,3.4,3.4,60.4,1,52.87,Medium
EMP1971,28,Female,Bachelor,Engineering,11,74066,67,18,4,1.7,2.7,61.3,3,54.11,Medium
EMP1972,50,Female,PhD,Finance,11,91826,33,14,40,3.9,2.7,94.1,5,46.28,Low
EMP1973,29,Female,Bachelor,Marketing,17,50213,65,18,21,2.2,1.2,87.4,4,34.84,Low
EMP1974,22,Female,Bachelor,Operations,4,101916,68,5,40,2.9,3.1,70.6,0,49.07,Low
EMP1975,24,Male,Master,Sales,4,96151,54,9,22,3.4,3.0,87.5,8,46.78,Low
EMP1976,45,Male,PhD,Finance,17,80906,9,3,6,1.7,1.6,91.7,2,16.44,Low
EMP1977,44,Male,Master,Engineering,9,30463,95,8,22,4.0,1.4,72.3,1,38.55,Low
EMP1978,29,Male,Bachelor,Engineering,19,61973,41,10,43,2.2,1.5,61.4,8,25.69,Low
EMP1979,24,Male,Bachelor,Marketing,5,104694,40,19,24,3.6,1.4,97.3,6,44.43,Low
EMP1980,54,Female,Bachelor,Sales,6,50651,76,3,26,1.6,3.4,73.8,4,47.51,Low
EMP1981,49,Male,Master,Sales,3,98694,68,11,40,3.8,1.8,64.3,5,33.62,Low
EMP1982,29,Female,Master,HR,1,50008,9,11,5,1.5,2.0,79.7,3,30.99,Low
EMP1983,55,Female,Bachelor,Sales,16,100474,9,17,33,2.7,1.7,90.7,0,37.64,Low
EMP1984,56,Female,PhD,Marketing,11,68185,90,16,8,2.0,4.8,68.9,3,83.07,High
EMP1985,53,Female,Bachelor,HR,13,117924,59,7,48,4.0,4.4,70.8,8,66.24,Medium
EMP1986,45,Male,Bachelor,HR,10,104417,50,4,32,2.0,1.9,69.7,0,27.98,Low
EMP1987,35,Female,Bachelor,Engineering,3,101139,20,19,5,4.5,2.3,99.7,9,54.59,Medium
EMP1988,53,Female,Bachelor,Engineering,9,64980,7,12,36,4.6,1.8,67.9,2,29.27,Low
EMP1989,37,Female,Master,Sales,12,52504,64,15,30,1.8,3.0,83.0,4,50.94,Medium
EMP1990,25,Male,Master,HR,14,84970,91,11,33,3.5,1.1,97.0,6,36.59,Low
EMP1991,42,Male,Bachelor,Engineering,1,46766,77,5,40,1.4,3.7,65.9,8,42.27,Low
EMP1992,35,Male,Master,Marketing,18,41695,84,5,28,2.6,3.1,98.8,5,54.13,Medium
EMP1993,52,Female,Bachelor,Engineering,17,47796,29,15,13,3.9,4.6,97.9,2,84.15,High
EMP1994,39,Female,Master,Operations,9,72543,84,18,35,3.6,1.7,95.4,6,51.82,Medium
EMP1995,28,Male,Diploma,Operations,9,44559,48,11,35,3.5,4.2,68.6,3,67.59,Medium
EMP1996,31,Female,Bachelor,Engineering,10,63139,8,12,14,2.1,4.2,85.4,2,61.63,Medium
EMP1997,28,Male,Master,HR,19,38802,16,2,7,2.5,1.5,90.4,6,12.38,Low
EMP1998,54,Male,Bachelor,HR,15,103843,68,15,25,1.4,2.6,99.4,6,50.61,Medium
EMP1999,44,Female,Bachelor,Finance,5,70205,57,4,35,3.9,1.7,67.2,3,27.71,Low
